Booting hermes-trading worker | asset=ETH/USDT:USDT | mode=paper | strategy=v02
closed paper trade sell pnl=2.0665 equity=10002.07
closed paper trade sell pnl=2.4204 equity=10004.49
closed paper trade buy pnl=3.1321 equity=10007.62
closed paper trade buy pnl=2.5373 equity=10010.16
closed paper trade sell pnl=1.2190 equity=10011.38
closed paper trade sell pnl=1.8550 equity=10013.23
closed paper trade buy pnl=2.1348 equity=10015.36
closed paper trade buy pnl=2.4457 equity=10017.81
closed paper trade buy pnl=2.7394 equity=10020.55
closed paper trade sell pnl=2.1497 equity=10022.70
closed paper trade buy pnl=2.2784 equity=10024.98
closed paper trade buy pnl=2.3065 equity=10027.28
closed paper trade buy pnl=2.7471 equity=10030.03
closed paper trade sell pnl=2.3548 equity=10032.39
closed paper trade sell pnl=2.6458 equity=10035.03
closed paper trade sell pnl=2.1858 equity=10037.22
closed paper trade buy pnl=2.7037 equity=10039.92
closed paper trade sell pnl=2.6148 equity=10042.54
closed paper trade buy pnl=3.0145 equity=10045.55
closed paper trade buy pnl=2.3705 equity=10047.92
closed paper trade buy pnl=2.3080 equity=10050.23
closed paper trade buy pnl=2.4521 equity=10052.68
closed paper trade sell pnl=2.3983 equity=10055.08
closed paper trade buy pnl=2.3826 equity=10057.46
closed paper trade buy pnl=2.6481 equity=10060.11
closed paper trade sell pnl=2.4400 equity=10062.55
closed paper trade sell pnl=2.6232 equity=10065.17
closed paper trade sell pnl=2.0810 equity=10067.26
closed paper trade sell pnl=2.4718 equity=10069.73
closed paper trade buy pnl=2.6565 equity=10072.38
closed paper trade buy pnl=3.0824 equity=10075.47
closed paper trade buy pnl=2.4128 equity=10077.88
closed paper trade sell pnl=2.6395 equity=10080.52
closed paper trade buy pnl=2.5075 equity=10083.03
closed paper trade sell pnl=1.9572 equity=10084.98
closed paper trade sell pnl=2.2545 equity=10087.24
closed paper trade sell pnl=2.6344 equity=10089.87
closed paper trade buy pnl=2.5705 equity=10092.44
closed paper trade sell pnl=2.5881 equity=10095.03
closed paper trade buy pnl=2.6730 equity=10097.70
closed paper trade sell pnl=3.1632 equity=10100.87
closed paper trade buy pnl=0.5985 equity=10101.46
closed paper trade buy pnl=1.3843 equity=10102.85
closed paper trade buy pnl=2.5867 equity=10105.44
closed paper trade buy pnl=2.8369 equity=10108.27
closed paper trade sell pnl=2.6557 equity=10110.93
closed paper trade buy pnl=2.4028 equity=10113.33
closed paper trade sell pnl=1.9097 equity=10115.24
closed paper trade buy pnl=2.3350 equity=10117.58
closed paper trade sell pnl=3.0191 equity=10120.60
closed paper trade buy pnl=2.8797 equity=10123.47
closed paper trade buy pnl=3.4464 equity=10126.92
closed paper trade buy pnl=2.5547 equity=10129.48
closed paper trade sell pnl=2.9414 equity=10132.42
closed paper trade buy pnl=3.0595 equity=10135.48
closed paper trade sell pnl=3.7465 equity=10139.22
closed paper trade sell pnl=3.5321 equity=10142.76
closed paper trade buy pnl=3.1215 equity=10145.88
closed paper trade sell pnl=2.1862 equity=10148.06
closed paper trade sell pnl=2.3087 equity=10150.37
closed paper trade sell pnl=1.6932 equity=10152.06
closed paper trade sell pnl=1.8125 equity=10153.88
closed paper trade sell pnl=2.6774 equity=10156.55
closed paper trade sell pnl=3.1694 equity=10159.72
closed paper trade sell pnl=2.2355 equity=10161.96
closed paper trade sell pnl=1.2833 equity=10163.24
closed paper trade sell pnl=1.8611 equity=10165.10
closed paper trade buy pnl=2.5795 equity=10167.68
closed paper trade sell pnl=2.5368 equity=10170.22
closed paper trade sell pnl=2.8052 equity=10173.03
closed paper trade buy pnl=2.4030 equity=10175.43
closed paper trade buy pnl=3.0085 equity=10178.44
closed paper trade buy pnl=3.0169 equity=10181.45
closed paper trade buy pnl=2.6832 equity=10184.14
closed paper trade buy pnl=2.1860 equity=10186.32
closed paper trade buy pnl=1.8942 equity=10188.22
closed paper trade sell pnl=1.9078 equity=10190.13
closed paper trade sell pnl=1.3520 equity=10191.48
closed paper trade buy pnl=2.2647 equity=10193.74
closed paper trade sell pnl=2.4447 equity=10196.19
closed paper trade sell pnl=3.0016 equity=10199.19
closed paper trade sell pnl=2.2689 equity=10201.46
closed paper trade sell pnl=2.7149 equity=10204.17
closed paper trade buy pnl=2.5894 equity=10206.76
closed paper trade sell pnl=2.3971 equity=10209.16
closed paper trade buy pnl=2.4729 equity=10211.63
closed paper trade buy pnl=2.2199 equity=10213.85
closed paper trade sell pnl=2.9091 equity=10216.76
closed paper trade sell pnl=2.3407 equity=10219.10
closed paper trade sell pnl=2.5879 equity=10221.69
closed paper trade buy pnl=2.9261 equity=10224.62
closed paper trade buy pnl=2.6848 equity=10227.30
closed paper trade buy pnl=2.9891 equity=10230.29
closed paper trade buy pnl=1.6473 equity=10231.94
closed paper trade buy pnl=2.3544 equity=10234.29
closed paper trade buy pnl=2.0692 equity=10236.36
closed paper trade sell pnl=2.3701 equity=10238.73
closed paper trade sell pnl=2.8305 equity=10241.56
closed paper trade sell pnl=3.2745 equity=10244.84
closed paper trade sell pnl=2.9391 equity=10247.77
closed paper trade buy pnl=2.2748 equity=10250.05
closed paper trade sell pnl=2.6139 equity=10252.66
closed paper trade buy pnl=1.6888 equity=10254.35
closed paper trade buy pnl=1.7537 equity=10256.11
closed paper trade sell pnl=2.3685 equity=10258.47
closed paper trade buy pnl=2.5593 equity=10261.03
closed paper trade buy pnl=2.7054 equity=10263.74
closed paper trade buy pnl=2.7634 equity=10266.50
closed paper trade sell pnl=3.4352 equity=10269.94
closed paper trade sell pnl=4.7854 equity=10274.72
closed paper trade sell pnl=1.7001 equity=10276.42
closed paper trade buy pnl=2.9788 equity=10279.40
closed paper trade buy pnl=2.2708 equity=10281.67
closed paper trade buy pnl=3.5616 equity=10285.23
closed paper trade sell pnl=1.2502 equity=10286.48
closed paper trade sell pnl=1.3845 equity=10287.87
closed paper trade buy pnl=1.5754 equity=10289.44
closed paper trade sell pnl=2.6318 equity=10292.08
closed paper trade sell pnl=1.0194 equity=10293.10
closed paper trade buy pnl=2.4223 equity=10295.52
closed paper trade buy pnl=2.7792 equity=10298.30
closed paper trade sell pnl=2.4871 equity=10300.78
closed paper trade buy pnl=3.1187 equity=10303.90
closed paper trade buy pnl=2.8798 equity=10306.78
closed paper trade buy pnl=2.2914 equity=10309.07
closed paper trade buy pnl=3.0465 equity=10312.12
closed paper trade sell pnl=2.3189 equity=10314.44
closed paper trade buy pnl=2.2054 equity=10316.64
closed paper trade buy pnl=2.2471 equity=10318.89
closed paper trade sell pnl=2.2611 equity=10321.15
closed paper trade sell pnl=2.6471 equity=10323.80
closed paper trade buy pnl=2.9519 equity=10326.75
closed paper trade sell pnl=2.6279 equity=10329.38
closed paper trade buy pnl=2.7588 equity=10332.14
closed paper trade buy pnl=2.1115 equity=10334.25
closed paper trade buy pnl=2.6614 equity=10336.91
closed paper trade buy pnl=2.3301 equity=10339.24
closed paper trade buy pnl=2.6445 equity=10341.89
closed paper trade buy pnl=2.3806 equity=10344.27
closed paper trade buy pnl=2.2747 equity=10346.54
closed paper trade sell pnl=2.2883 equity=10348.83
closed paper trade buy pnl=2.2855 equity=10351.11
closed paper trade buy pnl=2.4940 equity=10353.61
closed paper trade sell pnl=2.4646 equity=10356.07
closed paper trade buy pnl=2.9797 equity=10359.05
closed paper trade sell pnl=3.0121 equity=10362.07
closed paper trade sell pnl=1.9334 equity=10364.00
closed paper trade sell pnl=3.6116 equity=10367.61
closed paper trade buy pnl=2.8338 equity=10370.44
closed paper trade buy pnl=2.8217 equity=10373.27
closed paper trade buy pnl=2.0283 equity=10375.29
closed paper trade sell pnl=2.8289 equity=10378.12
closed paper trade sell pnl=3.0802 equity=10381.20
closed paper trade sell pnl=3.0583 equity=10384.26
closed paper trade sell pnl=2.9772 equity=10387.24
closed paper trade sell pnl=1.9331 equity=10389.17
closed paper trade sell pnl=2.8274 equity=10392.00
closed paper trade buy pnl=2.8752 equity=10394.87
closed paper trade buy pnl=2.6196 equity=10397.49
closed paper trade sell pnl=3.2547 equity=10400.75
closed paper trade buy pnl=2.2564 equity=10403.01
closed paper trade sell pnl=1.7273 equity=10404.73
closed paper trade buy pnl=2.4857 equity=10407.22
closed paper trade buy pnl=1.8560 equity=10409.07
closed paper trade buy pnl=2.6180 equity=10411.69
closed paper trade buy pnl=2.0640 equity=10413.76
closed paper trade buy pnl=2.9560 equity=10416.71
closed paper trade sell pnl=2.6668 equity=10419.38
closed paper trade sell pnl=2.5057 equity=10421.88
closed paper trade sell pnl=2.1849 equity=10424.07
closed paper trade buy pnl=1.8016 equity=10425.87
closed paper trade sell pnl=3.5349 equity=10429.41
closed paper trade buy pnl=2.2898 equity=10431.70
closed paper trade buy pnl=2.7693 equity=10434.47
closed paper trade buy pnl=2.0447 equity=10436.51
closed paper trade buy pnl=2.8708 equity=10439.38
closed paper trade buy pnl=3.1121 equity=10442.49
closed paper trade sell pnl=2.7232 equity=10445.22
closed paper trade buy pnl=2.3548 equity=10447.57
closed paper trade sell pnl=2.5413 equity=10450.11
closed paper trade sell pnl=2.3140 equity=10452.43
closed paper trade sell pnl=1.2637 equity=10453.69
closed paper trade buy pnl=1.5542 equity=10455.24
closed paper trade sell pnl=3.0841 equity=10458.33
closed paper trade sell pnl=1.9104 equity=10460.24
closed paper trade buy pnl=2.0942 equity=10462.33
closed paper trade sell pnl=1.4316 equity=10463.76
closed paper trade sell pnl=2.2135 equity=10465.98
closed paper trade sell pnl=2.6009 equity=10468.58
closed paper trade buy pnl=4.2534 equity=10472.83
closed paper trade buy pnl=2.8617 equity=10475.69
closed paper trade buy pnl=2.3909 equity=10478.08
closed paper trade buy pnl=1.8180 equity=10479.90
closed paper trade buy pnl=2.6598 equity=10482.56
closed paper trade sell pnl=1.7159 equity=10484.28
closed paper trade sell pnl=3.0785 equity=10487.36
closed paper trade buy pnl=2.4811 equity=10489.84
closed paper trade sell pnl=2.8039 equity=10492.64
closed paper trade sell pnl=2.8365 equity=10495.48
closed paper trade buy pnl=2.8046 equity=10498.28
closed paper trade sell pnl=3.1170 equity=10501.40
closed paper trade buy pnl=2.6492 equity=10504.05
closed paper trade buy pnl=2.6392 equity=10506.69
closed paper trade sell pnl=2.3047 equity=10508.99
closed paper trade sell pnl=1.3117 equity=10510.30
closed paper trade buy pnl=2.6914 equity=10513.00
closed paper trade sell pnl=1.8655 equity=10514.86
closed paper trade buy pnl=2.6393 equity=10517.50
closed paper trade sell pnl=2.8116 equity=10520.31
closed paper trade buy pnl=2.5821 equity=10522.89
closed paper trade sell pnl=2.1905 equity=10525.08
closed paper trade sell pnl=3.0426 equity=10528.13
closed paper trade sell pnl=3.1051 equity=10531.23
closed paper trade sell pnl=2.7149 equity=10533.95
closed paper trade buy pnl=1.3907 equity=10535.34
closed paper trade buy pnl=3.0006 equity=10538.34
closed paper trade sell pnl=2.9210 equity=10541.26
closed paper trade buy pnl=2.5307 equity=10543.79
closed paper trade buy pnl=3.1476 equity=10546.94
closed paper trade sell pnl=2.9634 equity=10549.90
closed paper trade sell pnl=2.6589 equity=10552.56
closed paper trade sell pnl=2.8165 equity=10555.38
closed paper trade sell pnl=2.5991 equity=10557.98
closed paper trade sell pnl=2.4292 equity=10560.41
closed paper trade sell pnl=3.6209 equity=10564.03
closed paper trade buy pnl=2.9752 equity=10567.00
closed paper trade sell pnl=1.8777 equity=10568.88
closed paper trade buy pnl=2.5855 equity=10571.46
closed paper trade buy pnl=2.4973 equity=10573.96
closed paper trade buy pnl=2.3630 equity=10576.32
closed paper trade buy pnl=2.6493 equity=10578.97
closed paper trade sell pnl=2.7331 equity=10581.71
closed paper trade sell pnl=3.1520 equity=10584.86
closed paper trade buy pnl=2.5329 equity=10587.39
closed paper trade sell pnl=2.6577 equity=10590.05
closed paper trade buy pnl=2.4802 equity=10592.53
closed paper trade sell pnl=2.3625 equity=10594.89
closed paper trade sell pnl=2.1232 equity=10597.02
closed paper trade buy pnl=2.6679 equity=10599.68
closed paper trade buy pnl=2.5043 equity=10602.19
closed paper trade buy pnl=2.8147 equity=10605.00
closed paper trade buy pnl=2.0666 equity=10607.07
closed paper trade buy pnl=3.0212 equity=10610.09
closed paper trade sell pnl=2.3990 equity=10612.49
closed paper trade sell pnl=3.3898 equity=10615.88
closed paper trade sell pnl=2.9135 equity=10618.79
closed paper trade buy pnl=2.6059 equity=10621.40
closed paper trade sell pnl=2.2917 equity=10623.69
closed paper trade buy pnl=3.1578 equity=10626.85
closed paper trade sell pnl=2.9343 equity=10629.78
closed paper trade sell pnl=2.0033 equity=10631.79
closed paper trade buy pnl=2.6120 equity=10634.40
closed paper trade buy pnl=2.8960 equity=10637.29
closed paper trade buy pnl=3.0914 equity=10640.38
closed paper trade sell pnl=3.1203 equity=10643.51
closed paper trade sell pnl=2.1709 equity=10645.68
closed paper trade buy pnl=2.6315 equity=10648.31
closed paper trade sell pnl=3.0209 equity=10651.33
closed paper trade sell pnl=3.0515 equity=10654.38
closed paper trade sell pnl=2.4680 equity=10656.85
closed paper trade sell pnl=2.5275 equity=10659.38
closed paper trade sell pnl=2.5765 equity=10661.95
closed paper trade buy pnl=2.8495 equity=10664.80
closed paper trade sell pnl=2.6958 equity=10667.50
closed paper trade sell pnl=3.3646 equity=10670.86
closed paper trade sell pnl=2.5685 equity=10673.43
closed paper trade buy pnl=2.8987 equity=10676.33
closed paper trade sell pnl=3.1230 equity=10679.45
closed paper trade buy pnl=3.3515 equity=10682.80
closed paper trade buy pnl=2.6706 equity=10685.47
closed paper trade sell pnl=3.2887 equity=10688.76
closed paper trade buy pnl=2.1292 equity=10690.89
closed paper trade buy pnl=2.3736 equity=10693.27
closed paper trade buy pnl=2.4746 equity=10695.74
closed paper trade sell pnl=3.3155 equity=10699.06
closed paper trade buy pnl=3.5279 equity=10702.58
closed paper trade buy pnl=2.9369 equity=10705.52
closed paper trade sell pnl=2.6280 equity=10708.15
closed paper trade sell pnl=2.8578 equity=10711.01
closed paper trade buy pnl=2.7266 equity=10713.73
closed paper trade buy pnl=2.1798 equity=10715.91
closed paper trade sell pnl=2.1094 equity=10718.02
closed paper trade buy pnl=2.9845 equity=10721.01
closed paper trade buy pnl=3.2388 equity=10724.25
closed paper trade sell pnl=2.8079 equity=10727.05
closed paper trade sell pnl=2.6414 equity=10729.69
closed paper trade sell pnl=2.4638 equity=10732.16
closed paper trade sell pnl=2.5858 equity=10734.74
closed paper trade sell pnl=2.4405 equity=10737.18
closed paper trade sell pnl=2.5845 equity=10739.77
closed paper trade buy pnl=2.3322 equity=10742.10
closed paper trade buy pnl=2.3765 equity=10744.48
closed paper trade buy pnl=3.0772 equity=10747.56
closed paper trade sell pnl=2.5515 equity=10750.11
closed paper trade sell pnl=3.6317 equity=10753.74
closed paper trade buy pnl=1.3358 equity=10755.07
closed paper trade sell pnl=4.8543 equity=10759.93
closed paper trade sell pnl=3.1583 equity=10763.09
closed paper trade sell pnl=2.1484 equity=10765.24
closed paper trade sell pnl=3.6807 equity=10768.92
closed paper trade buy pnl=3.0762 equity=10771.99
closed paper trade buy pnl=0.7828 equity=10772.78
closed paper trade buy pnl=2.4744 equity=10775.25
closed paper trade sell pnl=1.7214 equity=10776.97
closed paper trade sell pnl=3.9962 equity=10780.97
closed paper trade buy pnl=2.8208 equity=10783.79
closed paper trade buy pnl=2.5809 equity=10786.37
closed paper trade sell pnl=3.5034 equity=10789.87
closed paper trade sell pnl=2.6063 equity=10792.48
closed paper trade buy pnl=1.9421 equity=10794.42
closed paper trade sell pnl=3.4679 equity=10797.89
closed paper trade buy pnl=2.0466 equity=10799.94
closed paper trade sell pnl=2.4309 equity=10802.37
closed paper trade buy pnl=0.2398 equity=10802.61
closed paper trade sell pnl=4.9673 equity=10807.57
closed paper trade buy pnl=4.6159 equity=10812.19
closed paper trade buy pnl=2.3637 equity=10814.55
closed paper trade sell pnl=4.8746 equity=10819.43
closed paper trade buy pnl=3.5471 equity=10822.97
closed paper trade sell pnl=2.8132 equity=10825.79
closed paper trade sell pnl=3.4876 equity=10829.28
closed paper trade buy pnl=2.9939 equity=10832.27
closed paper trade sell pnl=2.5990 equity=10834.87
closed paper trade buy pnl=3.4717 equity=10838.34
closed paper trade sell pnl=1.7616 equity=10840.10
closed paper trade sell pnl=2.7244 equity=10842.83
closed paper trade buy pnl=4.5626 equity=10847.39
closed paper trade sell pnl=3.5892 equity=10850.98
closed paper trade sell pnl=2.9062 equity=10853.88
closed paper trade sell pnl=2.4031 equity=10856.29
closed paper trade sell pnl=2.2356 equity=10858.52
closed paper trade buy pnl=2.2392 equity=10860.76
closed paper trade sell pnl=2.6120 equity=10863.37
closed paper trade buy pnl=2.3867 equity=10865.76
closed paper trade sell pnl=2.6804 equity=10868.44
closed paper trade sell pnl=2.7935 equity=10871.23
closed paper trade sell pnl=1.9231 equity=10873.16
closed paper trade buy pnl=2.9164 equity=10876.07
closed paper trade buy pnl=2.5736 equity=10878.65
closed paper trade buy pnl=2.3408 equity=10880.99
closed paper trade buy pnl=4.2520 equity=10885.24
closed paper trade buy pnl=3.0166 equity=10888.26
closed paper trade sell pnl=3.4397 equity=10891.70
closed paper trade buy pnl=2.8961 equity=10894.59
closed paper trade buy pnl=2.7430 equity=10897.34
closed paper trade sell pnl=2.3218 equity=10899.66
closed paper trade sell pnl=1.9459 equity=10901.60
closed paper trade buy pnl=2.6453 equity=10904.25
closed paper trade buy pnl=2.3476 equity=10906.60
closed paper trade sell pnl=3.9842 equity=10910.58
closed paper trade buy pnl=3.0175 equity=10913.60
closed paper trade sell pnl=3.1830 equity=10916.78
closed paper trade sell pnl=2.7693 equity=10919.55
closed paper trade buy pnl=2.2411 equity=10921.79
closed paper trade sell pnl=2.6801 equity=10924.47
closed paper trade sell pnl=2.7006 equity=10927.17
closed paper trade buy pnl=2.7398 equity=10929.91
closed paper trade buy pnl=2.7034 equity=10932.62
closed paper trade sell pnl=3.0192 equity=10935.63
closed paper trade sell pnl=2.1594 equity=10937.79
closed paper trade buy pnl=1.9819 equity=10939.78
closed paper trade sell pnl=2.8659 equity=10942.64
closed paper trade buy pnl=2.1245 equity=10944.77
closed paper trade sell pnl=3.8251 equity=10948.59
closed paper trade buy pnl=2.4664 equity=10951.06
closed paper trade sell pnl=3.1995 equity=10954.26
closed paper trade buy pnl=2.7120 equity=10956.97
closed paper trade sell pnl=2.0775 equity=10959.05
closed paper trade buy pnl=2.9295 equity=10961.98
closed paper trade sell pnl=2.8412 equity=10964.82
closed paper trade sell pnl=2.6016 equity=10967.42
closed paper trade buy pnl=3.2352 equity=10970.65
closed paper trade sell pnl=2.1919 equity=10972.85
closed paper trade buy pnl=2.1372 equity=10974.98
closed paper trade sell pnl=1.7982 equity=10976.78
closed paper trade buy pnl=3.1329 equity=10979.91
closed paper trade buy pnl=2.7732 equity=10982.69
closed paper trade sell pnl=2.8178 equity=10985.51
closed paper trade buy pnl=3.5408 equity=10989.05
closed paper trade sell pnl=3.7693 equity=10992.82
closed paper trade sell pnl=3.8242 equity=10996.64
closed paper trade sell pnl=3.4899 equity=11000.13
closed paper trade sell pnl=1.8104 equity=11001.94
closed paper trade sell pnl=2.0613 equity=11004.00
closed paper trade sell pnl=1.9187 equity=11005.92
closed paper trade buy pnl=2.5994 equity=11008.52
closed paper trade buy pnl=4.4337 equity=11012.95
closed paper trade sell pnl=3.8109 equity=11016.76
closed paper trade buy pnl=2.9915 equity=11019.76
closed paper trade sell pnl=0.7057 equity=11020.46
closed paper trade sell pnl=2.6899 equity=11023.15
closed paper trade sell pnl=4.8210 equity=11027.97
closed paper trade buy pnl=2.6894 equity=11030.66
closed paper trade buy pnl=1.7703 equity=11032.43
closed paper trade sell pnl=3.4347 equity=11035.87
closed paper trade buy pnl=4.2139 equity=11040.08
closed paper trade sell pnl=3.6780 equity=11043.76
closed paper trade buy pnl=2.1852 equity=11045.94
closed paper trade buy pnl=3.5645 equity=11049.51
closed paper trade buy pnl=3.6451 equity=11053.15
closed paper trade buy pnl=1.5398 equity=11054.69
closed paper trade sell pnl=3.2236 equity=11057.92
closed paper trade buy pnl=2.8658 equity=11060.78
closed paper trade buy pnl=3.1086 equity=11063.89
closed paper trade buy pnl=2.7041 equity=11066.60
closed paper trade buy pnl=2.1622 equity=11068.76
closed paper trade buy pnl=2.7081 equity=11071.47
closed paper trade sell pnl=3.1359 equity=11074.60
closed paper trade sell pnl=2.8592 equity=11077.46
closed paper trade buy pnl=2.6954 equity=11080.16
closed paper trade sell pnl=5.1423 equity=11085.30
closed paper trade sell pnl=4.0133 equity=11089.31
closed paper trade sell pnl=2.5576 equity=11091.87
closed paper trade buy pnl=0.6806 equity=11092.55
closed paper trade sell pnl=2.7798 equity=11095.33
closed paper trade sell pnl=2.2098 equity=11097.54
closed paper trade sell pnl=1.7649 equity=11099.30
closed paper trade sell pnl=5.2777 equity=11104.58
closed paper trade buy pnl=2.8432 equity=11107.43
closed paper trade sell pnl=4.5041 equity=11111.93
closed paper trade sell pnl=2.9690 equity=11114.90
closed paper trade buy pnl=1.3179 equity=11116.22
closed paper trade buy pnl=0.1455 equity=11116.36
closed paper trade buy pnl=1.6130 equity=11117.97
closed paper trade sell pnl=4.3896 equity=11122.36
closed paper trade buy pnl=1.6431 equity=11124.01
closed paper trade buy pnl=3.2735 equity=11127.28
closed paper trade buy pnl=0.0330 equity=11127.31
closed paper trade sell pnl=5.2543 equity=11132.57
closed paper trade buy pnl=2.7365 equity=11135.30
closed paper trade buy pnl=2.6736 equity=11137.98
closed paper trade sell pnl=0.5050 equity=11138.48
closed paper trade sell pnl=0.9982 equity=11139.48
closed paper trade buy pnl=4.0542 equity=11143.54
closed paper trade sell pnl=2.8942 equity=11146.43
closed paper trade sell pnl=1.4837 equity=11147.91
closed paper trade sell pnl=5.0935 equity=11153.01
closed paper trade buy pnl=3.5930 equity=11156.60
closed paper trade buy pnl=2.5658 equity=11159.17
closed paper trade sell pnl=2.7104 equity=11161.88
closed paper trade buy pnl=3.5822 equity=11165.46
closed paper trade sell pnl=3.2945 equity=11168.75
closed paper trade buy pnl=2.7522 equity=11171.51
closed paper trade sell pnl=2.9931 equity=11174.50
closed paper trade buy pnl=2.7085 equity=11177.21
closed paper trade buy pnl=2.4268 equity=11179.63
closed paper trade buy pnl=2.8330 equity=11182.47
closed paper trade sell pnl=2.8204 equity=11185.29
closed paper trade buy pnl=2.9457 equity=11188.23
closed paper trade sell pnl=2.9952 equity=11191.23
closed paper trade buy pnl=1.6691 equity=11192.90
closed paper trade buy pnl=1.0561 equity=11193.95
closed paper trade sell pnl=1.5496 equity=11195.50
closed paper trade buy pnl=3.3599 equity=11198.86
closed paper trade buy pnl=3.0433 equity=11201.91
closed paper trade sell pnl=5.2679 equity=11207.17
closed paper trade sell pnl=3.0133 equity=11210.19
closed paper trade sell pnl=2.6802 equity=11212.87
closed paper trade buy pnl=1.7385 equity=11214.61
closed paper trade buy pnl=3.0491 equity=11217.65
closed paper trade sell pnl=0.8027 equity=11218.46
closed paper trade sell pnl=3.0902 equity=11221.55
closed paper trade sell pnl=2.8484 equity=11224.40
closed paper trade buy pnl=1.7034 equity=11226.10
closed paper trade buy pnl=4.3062 equity=11230.41
closed paper trade sell pnl=2.6344 equity=11233.04
closed paper trade sell pnl=2.6501 equity=11235.69
closed paper trade buy pnl=2.3772 equity=11238.07
closed paper trade sell pnl=3.3698 equity=11241.44
closed paper trade sell pnl=2.4656 equity=11243.90
closed paper trade buy pnl=0.5545 equity=11244.46
closed paper trade sell pnl=2.8394 equity=11247.30
closed paper trade sell pnl=2.7676 equity=11250.06
closed paper trade sell pnl=3.0611 equity=11253.13
closed paper trade sell pnl=2.3193 equity=11255.44
closed paper trade buy pnl=3.3063 equity=11258.75
closed paper trade buy pnl=1.8239 equity=11260.58
closed paper trade buy pnl=3.2690 equity=11263.84
closed paper trade sell pnl=2.7385 equity=11266.58
closed paper trade buy pnl=2.8002 equity=11269.38
closed paper trade buy pnl=2.5292 equity=11271.91
closed paper trade sell pnl=3.5337 equity=11275.45
closed paper trade buy pnl=1.7727 equity=11277.22
closed paper trade sell pnl=1.4184 equity=11278.64
closed paper trade sell pnl=4.4695 equity=11283.11
closed paper trade sell pnl=2.0585 equity=11285.16
closed paper trade buy pnl=1.5349 equity=11286.70
closed paper trade buy pnl=2.6573 equity=11289.36
closed paper trade buy pnl=-0.7095 equity=11288.65
closed paper trade sell pnl=2.5076 equity=11291.15
closed paper trade sell pnl=2.1618 equity=11293.32
closed paper trade buy pnl=2.2399 equity=11295.56
closed paper trade buy pnl=6.3884 equity=11301.95
closed paper trade buy pnl=1.7802 equity=11303.73
closed paper trade buy pnl=2.9544 equity=11306.68
closed paper trade sell pnl=2.7361 equity=11309.42
closed paper trade buy pnl=3.0889 equity=11312.50
closed paper trade sell pnl=2.1780 equity=11314.68
closed paper trade sell pnl=4.3797 equity=11319.06
closed paper trade sell pnl=2.1787 equity=11321.24
closed paper trade sell pnl=3.4581 equity=11324.70
closed paper trade sell pnl=2.0452 equity=11326.74
closed paper trade sell pnl=1.7096 equity=11328.45
closed paper trade sell pnl=4.1653 equity=11332.62
closed paper trade sell pnl=2.2552 equity=11334.87
closed paper trade sell pnl=1.2119 equity=11336.09
closed paper trade sell pnl=2.5334 equity=11338.62
closed paper trade buy pnl=4.5586 equity=11343.18
closed paper trade buy pnl=4.7728 equity=11347.95
closed paper trade buy pnl=3.2489 equity=11351.20
closed paper trade sell pnl=1.8689 equity=11353.07
closed paper trade sell pnl=1.7810 equity=11354.85
closed paper trade buy pnl=3.0423 equity=11357.89
closed paper trade sell pnl=3.6329 equity=11361.53
closed paper trade buy pnl=2.2523 equity=11363.78
closed paper trade buy pnl=3.2955 equity=11367.07
closed paper trade buy pnl=1.4533 equity=11368.53
closed paper trade sell pnl=1.3528 equity=11369.88
closed paper trade buy pnl=2.3419 equity=11372.22
closed paper trade buy pnl=2.8788 equity=11375.10
closed paper trade buy pnl=3.0941 equity=11378.19
closed paper trade buy pnl=4.1968 equity=11382.39
closed paper trade sell pnl=3.6987 equity=11386.09
closed paper trade sell pnl=3.3127 equity=11389.40
closed paper trade sell pnl=2.7908 equity=11392.19
closed paper trade sell pnl=2.4038 equity=11394.60
closed paper trade buy pnl=2.7957 equity=11397.39
closed paper trade buy pnl=3.3222 equity=11400.71
closed paper trade sell pnl=3.4412 equity=11404.16
closed paper trade buy pnl=2.4859 equity=11406.64
closed paper trade buy pnl=2.2604 equity=11408.90
closed paper trade sell pnl=2.6593 equity=11411.56
closed paper trade sell pnl=3.2206 equity=11414.78
closed paper trade buy pnl=3.1593 equity=11417.94
closed paper trade buy pnl=3.9403 equity=11421.88
closed paper trade sell pnl=2.7959 equity=11424.68
closed paper trade buy pnl=3.0933 equity=11427.77
closed paper trade buy pnl=3.2436 equity=11431.01
closed paper trade buy pnl=3.0651 equity=11434.08
closed paper trade sell pnl=2.9566 equity=11437.04
closed paper trade buy pnl=2.4778 equity=11439.51
closed paper trade buy pnl=2.5733 equity=11442.09
closed paper trade buy pnl=2.6995 equity=11444.79
closed paper trade buy pnl=2.6606 equity=11447.45
closed paper trade buy pnl=3.4413 equity=11450.89
closed paper trade sell pnl=1.8547 equity=11452.74
closed paper trade sell pnl=2.7974 equity=11455.54
closed paper trade sell pnl=2.6370 equity=11458.18
closed paper trade sell pnl=2.2093 equity=11460.39
closed paper trade buy pnl=2.7783 equity=11463.17
closed paper trade sell pnl=2.3714 equity=11465.54
closed paper trade sell pnl=3.0040 equity=11468.54
closed paper trade sell pnl=2.5579 equity=11471.10
closed paper trade sell pnl=3.4550 equity=11474.55
closed paper trade sell pnl=2.2389 equity=11476.79
closed paper trade sell pnl=2.6421 equity=11479.43
closed paper trade sell pnl=2.7218 equity=11482.16
closed paper trade buy pnl=2.7714 equity=11484.93
closed paper trade buy pnl=2.5752 equity=11487.50
closed paper trade buy pnl=2.3114 equity=11489.81
closed paper trade buy pnl=2.6284 equity=11492.44
closed paper trade buy pnl=2.3269 equity=11494.77
closed paper trade buy pnl=3.1656 equity=11497.93
closed paper trade sell pnl=2.9915 equity=11500.93
closed paper trade buy pnl=2.9205 equity=11503.85
closed paper trade buy pnl=3.3097 equity=11507.16
closed paper trade buy pnl=2.8604 equity=11510.02
closed paper trade buy pnl=3.6225 equity=11513.64
closed paper trade buy pnl=3.3271 equity=11516.97
closed paper trade sell pnl=3.5932 equity=11520.56
closed paper trade sell pnl=3.0731 equity=11523.63
closed paper trade sell pnl=2.8300 equity=11526.46
closed paper trade sell pnl=2.4491 equity=11528.91
closed paper trade buy pnl=2.5731 equity=11531.49
closed paper trade buy pnl=2.7463 equity=11534.23
closed paper trade buy pnl=2.9228 equity=11537.15
closed paper trade sell pnl=2.5060 equity=11539.66
closed paper trade buy pnl=2.9673 equity=11542.63
closed paper trade buy pnl=2.9094 equity=11545.54
closed paper trade buy pnl=2.9843 equity=11548.52
closed paper trade buy pnl=3.0409 equity=11551.56
closed paper trade buy pnl=2.9117 equity=11554.47
closed paper trade buy pnl=2.9186 equity=11557.39
closed paper trade sell pnl=2.8044 equity=11560.20
closed paper trade buy pnl=2.6876 equity=11562.88
closed paper trade sell pnl=3.6262 equity=11566.51
closed paper trade sell pnl=1.1147 equity=11567.63
closed paper trade sell pnl=3.6203 equity=11571.25
closed paper trade sell pnl=4.4852 equity=11575.73
closed paper trade buy pnl=3.1875 equity=11578.92
closed paper trade buy pnl=4.1266 equity=11583.04
closed paper trade sell pnl=2.1733 equity=11585.22
closed paper trade sell pnl=3.9656 equity=11589.18
closed paper trade buy pnl=3.1499 equity=11592.33
closed paper trade sell pnl=2.8500 equity=11595.18
closed paper trade buy pnl=2.9721 equity=11598.16
closed paper trade sell pnl=3.5337 equity=11601.69
closed paper trade sell pnl=3.2751 equity=11604.96
closed paper trade sell pnl=2.9726 equity=11607.94
closed paper trade buy pnl=2.9507 equity=11610.89
closed paper trade sell pnl=2.5477 equity=11613.44
closed paper trade buy pnl=2.9303 equity=11616.37
closed paper trade buy pnl=2.3208 equity=11618.69
closed paper trade sell pnl=3.0406 equity=11621.73
closed paper trade buy pnl=3.0007 equity=11624.73
closed paper trade sell pnl=2.5175 equity=11627.25
closed paper trade sell pnl=2.6408 equity=11629.89
closed paper trade buy pnl=2.6464 equity=11632.53
closed paper trade buy pnl=2.4331 equity=11634.97
closed paper trade buy pnl=3.0195 equity=11637.99
closed paper trade sell pnl=3.5127 equity=11641.50
closed paper trade sell pnl=3.3330 equity=11644.83
closed paper trade buy pnl=3.3400 equity=11648.17
closed paper trade sell pnl=2.8020 equity=11650.97
closed paper trade buy pnl=1.8807 equity=11652.85
closed paper trade buy pnl=3.2744 equity=11656.13
closed paper trade buy pnl=2.8101 equity=11658.94
closed paper trade buy pnl=1.6656 equity=11660.60
closed paper trade sell pnl=2.5294 equity=11663.13
closed paper trade sell pnl=2.4156 equity=11665.55
closed paper trade sell pnl=5.4141 equity=11670.96
closed paper trade sell pnl=1.9062 equity=11672.87
closed paper trade buy pnl=2.9642 equity=11675.83
closed paper trade sell pnl=3.2271 equity=11679.06
closed paper trade buy pnl=3.0661 equity=11682.13
closed paper trade sell pnl=3.1568 equity=11685.28
closed paper trade buy pnl=2.0409 equity=11687.32
closed paper trade sell pnl=2.4250 equity=11689.75
closed paper trade buy pnl=3.5245 equity=11693.27
closed paper trade buy pnl=3.3647 equity=11696.64
closed paper trade buy pnl=3.8860 equity=11700.52
closed paper trade sell pnl=3.7165 equity=11704.24
closed paper trade buy pnl=2.9659 equity=11707.21
closed paper trade buy pnl=3.4901 equity=11710.70
closed paper trade buy pnl=1.3872 equity=11712.08
closed paper trade buy pnl=4.3879 equity=11716.47
closed paper trade buy pnl=3.4497 equity=11719.92
closed paper trade sell pnl=3.0801 equity=11723.00
closed paper trade sell pnl=3.8722 equity=11726.87
closed paper trade buy pnl=2.8644 equity=11729.74
closed paper trade buy pnl=4.4885 equity=11734.23
closed paper trade sell pnl=3.1217 equity=11737.35
closed paper trade sell pnl=2.6041 equity=11739.95
closed paper trade buy pnl=1.3572 equity=11741.31
closed paper trade buy pnl=4.0057 equity=11745.32
closed paper trade sell pnl=1.6505 equity=11746.97
closed paper trade buy pnl=2.2725 equity=11749.24
closed paper trade sell pnl=3.4434 equity=11752.68
closed paper trade buy pnl=2.3730 equity=11755.06
closed paper trade sell pnl=3.9932 equity=11759.05
closed paper trade sell pnl=2.0833 equity=11761.13
closed paper trade buy pnl=2.6348 equity=11763.77
closed paper trade sell pnl=4.0519 equity=11767.82
closed paper trade buy pnl=2.6063 equity=11770.42
closed paper trade buy pnl=2.9510 equity=11773.38
closed paper trade buy pnl=2.0346 equity=11775.41
closed paper trade buy pnl=4.6466 equity=11780.06
closed paper trade sell pnl=3.9689 equity=11784.03
closed paper trade buy pnl=3.8297 equity=11787.86
closed paper trade sell pnl=2.3946 equity=11790.25
closed paper trade sell pnl=2.3069 equity=11792.56
closed paper trade sell pnl=2.6111 equity=11795.17
closed paper trade sell pnl=5.0109 equity=11800.18
closed paper trade sell pnl=4.4738 equity=11804.65
closed paper trade buy pnl=2.7957 equity=11807.45
closed paper trade sell pnl=2.0994 equity=11809.55
closed paper trade sell pnl=0.5262 equity=11810.07
closed paper trade sell pnl=2.4999 equity=11812.57
closed paper trade buy pnl=1.6088 equity=11814.18
closed paper trade sell pnl=2.5951 equity=11816.78
closed paper trade sell pnl=3.2329 equity=11820.01
closed paper trade sell pnl=4.9725 equity=11824.98
closed paper trade buy pnl=3.3654 equity=11828.35
closed paper trade buy pnl=3.2567 equity=11831.61
closed paper trade sell pnl=2.3822 equity=11833.99
closed paper trade sell pnl=1.8096 equity=11835.80
closed paper trade buy pnl=0.2836 equity=11836.08
closed paper trade buy pnl=3.5769 equity=11839.66
closed paper trade sell pnl=5.1604 equity=11844.82
closed paper trade buy pnl=0.0829 equity=11844.90
closed paper trade buy pnl=4.1663 equity=11849.07
closed paper trade sell pnl=3.1388 equity=11852.21
closed paper trade buy pnl=5.1689 equity=11857.37
closed paper trade buy pnl=4.1388 equity=11861.51
closed paper trade buy pnl=3.8612 equity=11865.38
closed paper trade buy pnl=1.8447 equity=11867.22
closed paper trade sell pnl=2.0288 equity=11869.25
closed paper trade buy pnl=2.2595 equity=11871.51
closed paper trade sell pnl=4.2769 equity=11875.78
closed paper trade buy pnl=3.2790 equity=11879.06
closed paper trade sell pnl=3.3672 equity=11882.43
closed paper trade sell pnl=3.2154 equity=11885.65
closed paper trade buy pnl=3.4480 equity=11889.09
closed paper trade buy pnl=3.6199 equity=11892.71
closed paper trade buy pnl=3.6793 equity=11896.39
closed paper trade buy pnl=2.8288 equity=11899.22
closed paper trade sell pnl=0.9691 equity=11900.19
closed paper trade buy pnl=2.4165 equity=11902.61
closed paper trade sell pnl=3.2317 equity=11905.84
closed paper trade buy pnl=2.2053 equity=11908.05
closed paper trade sell pnl=3.2863 equity=11911.33
closed paper trade buy pnl=3.8334 equity=11915.16
closed paper trade sell pnl=2.5452 equity=11917.71
closed paper trade buy pnl=3.3449 equity=11921.05
closed paper trade sell pnl=3.2116 equity=11924.27
closed paper trade sell pnl=3.9358 equity=11928.20
closed paper trade sell pnl=3.9147 equity=11932.12
closed paper trade buy pnl=2.1863 equity=11934.30
closed paper trade sell pnl=2.5256 equity=11936.83
closed paper trade buy pnl=3.3514 equity=11940.18
closed paper trade sell pnl=2.7877 equity=11942.97
closed paper trade sell pnl=2.9090 equity=11945.88
closed paper trade sell pnl=2.5190 equity=11948.40
closed paper trade sell pnl=3.8740 equity=11952.27
closed paper trade buy pnl=3.8098 equity=11956.08
closed paper trade sell pnl=3.2308 equity=11959.31
closed paper trade buy pnl=2.6538 equity=11961.96
closed paper trade sell pnl=2.5140 equity=11964.48
closed paper trade buy pnl=2.7766 equity=11967.25
closed paper trade sell pnl=2.9899 equity=11970.24
closed paper trade buy pnl=2.4854 equity=11972.73
closed paper trade buy pnl=2.3963 equity=11975.13
closed paper trade sell pnl=3.2431 equity=11978.37
closed paper trade buy pnl=2.4398 equity=11980.81
closed paper trade buy pnl=1.7751 equity=11982.58
closed paper trade buy pnl=2.9013 equity=11985.49
closed paper trade buy pnl=3.4532 equity=11988.94
closed paper trade buy pnl=3.5136 equity=11992.45
closed paper trade buy pnl=4.2999 equity=11996.75
closed paper trade buy pnl=-1.3311 equity=11995.42
closed paper trade buy pnl=1.9701 equity=11997.39
closed paper trade sell pnl=1.7276 equity=11999.12
closed paper trade buy pnl=1.9379 equity=12001.06
closed paper trade sell pnl=3.2978 equity=12004.35
closed paper trade sell pnl=1.8381 equity=12006.19
closed paper trade buy pnl=5.5985 equity=12011.79
closed paper trade sell pnl=6.7567 equity=12018.55
closed paper trade sell pnl=1.6411 equity=12020.19
closed paper trade buy pnl=4.4285 equity=12024.62
closed paper trade sell pnl=2.7558 equity=12027.37
closed paper trade buy pnl=3.3765 equity=12030.75
closed paper trade buy pnl=2.6787 equity=12033.43
closed paper trade buy pnl=1.8155 equity=12035.24
closed paper trade sell pnl=3.1265 equity=12038.37
closed paper trade sell pnl=4.8002 equity=12043.17
closed paper trade buy pnl=1.5490 equity=12044.72
closed paper trade buy pnl=2.9183 equity=12047.64
closed paper trade sell pnl=3.1846 equity=12050.82
closed paper trade sell pnl=2.3863 equity=12053.21
closed paper trade buy pnl=0.2436 equity=12053.45
closed paper trade sell pnl=4.0023 equity=12057.46
closed paper trade sell pnl=0.9799 equity=12058.44
closed paper trade buy pnl=4.6470 equity=12063.08
closed paper trade buy pnl=4.6708 equity=12067.75
closed paper trade sell pnl=4.1116 equity=12071.86
closed paper trade buy pnl=3.4448 equity=12075.31
closed paper trade sell pnl=3.1707 equity=12078.48
closed paper trade buy pnl=3.3419 equity=12081.82
closed paper trade sell pnl=3.0288 equity=12084.85
closed paper trade sell pnl=2.8960 equity=12087.75
closed paper trade sell pnl=1.1817 equity=12088.93
closed paper trade buy pnl=2.5657 equity=12091.49
closed paper trade buy pnl=3.8249 equity=12095.32
closed paper trade sell pnl=3.3266 equity=12098.65
closed paper trade buy pnl=8.4070 equity=12107.05
closed paper trade buy pnl=6.1822 equity=12113.23
closed paper trade sell pnl=0.7642 equity=12114.00
closed paper trade sell pnl=3.9496 equity=12117.95
closed paper trade sell pnl=4.6723 equity=12122.62
closed paper trade sell pnl=3.2899 equity=12125.91
closed paper trade sell pnl=2.9772 equity=12128.89
closed paper trade sell pnl=2.7182 equity=12131.61
closed paper trade buy pnl=2.1977 equity=12133.80
closed paper trade buy pnl=3.9704 equity=12137.77
closed paper trade buy pnl=2.5905 equity=12140.36
closed paper trade buy pnl=2.8469 equity=12143.21
closed paper trade sell pnl=2.2774 equity=12145.49
closed paper trade sell pnl=4.1865 equity=12149.68
closed paper trade sell pnl=3.6558 equity=12153.33
closed paper trade sell pnl=2.5195 equity=12155.85
closed paper trade sell pnl=2.4712 equity=12158.32
closed paper trade buy pnl=2.7969 equity=12161.12
closed paper trade buy pnl=3.6105 equity=12164.73
closed paper trade buy pnl=1.7628 equity=12166.49
closed paper trade sell pnl=3.1195 equity=12169.61
closed paper trade sell pnl=4.0280 equity=12173.64
closed paper trade sell pnl=1.5593 equity=12175.20
closed paper trade buy pnl=3.1732 equity=12178.37
closed paper trade buy pnl=2.6598 equity=12181.03
closed paper trade buy pnl=3.0774 equity=12184.11
closed paper trade sell pnl=2.2941 equity=12186.40
closed paper trade sell pnl=2.4483 equity=12188.85
closed paper trade buy pnl=2.3811 equity=12191.23
closed paper trade sell pnl=2.6189 equity=12193.85
closed paper trade sell pnl=3.2637 equity=12197.12
closed paper trade sell pnl=2.3020 equity=12199.42
closed paper trade buy pnl=2.9371 equity=12202.35
closed paper trade sell pnl=3.1757 equity=12205.53
closed paper trade sell pnl=1.2705 equity=12206.80
closed paper trade sell pnl=3.3135 equity=12210.11
closed paper trade buy pnl=3.2571 equity=12213.37
closed paper trade buy pnl=3.1194 equity=12216.49
closed paper trade sell pnl=3.3100 equity=12219.80
closed paper trade sell pnl=2.4200 equity=12222.22
closed paper trade buy pnl=1.5684 equity=12223.79
closed paper trade buy pnl=-1.7191 equity=12222.07
closed paper trade sell pnl=3.5278 equity=12225.60
closed paper trade sell pnl=2.1384 equity=12227.74
closed paper trade buy pnl=1.5625 equity=12229.30
closed paper trade sell pnl=2.1351 equity=12231.43
closed paper trade sell pnl=2.2997 equity=12233.73
closed paper trade sell pnl=6.8407 equity=12240.57
closed paper trade buy pnl=3.3983 equity=12243.97
closed paper trade buy pnl=0.5968 equity=12244.57
closed paper trade sell pnl=-0.5793 equity=12243.99
closed paper trade sell pnl=3.6664 equity=12247.66
closed paper trade sell pnl=2.2041 equity=12249.86
closed paper trade buy pnl=4.0504 equity=12253.91
closed paper trade buy pnl=0.2350 equity=12254.15
closed paper trade sell pnl=2.9420 equity=12257.09
closed paper trade buy pnl=3.7494 equity=12260.84
closed paper trade buy pnl=2.8202 equity=12263.66
closed paper trade sell pnl=3.7059 equity=12267.36
closed paper trade buy pnl=3.8545 equity=12271.22
closed paper trade buy pnl=3.3190 equity=12274.54
closed paper trade buy pnl=5.1943 equity=12279.73
closed paper trade sell pnl=4.7832 equity=12284.51
closed paper trade buy pnl=3.6312 equity=12288.15
closed paper trade buy pnl=0.9632 equity=12289.11
closed paper trade sell pnl=4.8802 equity=12293.99
closed paper trade buy pnl=2.2760 equity=12296.27
closed paper trade sell pnl=4.2107 equity=12300.48
closed paper trade sell pnl=2.8095 equity=12303.29
closed paper trade buy pnl=-4.2573 equity=12299.03
closed paper trade sell pnl=4.2144 equity=12303.24
closed paper trade sell pnl=4.2727 equity=12307.52
closed paper trade sell pnl=3.4049 equity=12310.92
closed paper trade buy pnl=4.3108 equity=12315.23
closed paper trade buy pnl=6.9603 equity=12322.19
closed paper trade buy pnl=4.3003 equity=12326.49
closed paper trade buy pnl=3.1181 equity=12329.61
closed paper trade buy pnl=2.7766 equity=12332.39
closed paper trade sell pnl=3.8675 equity=12336.25
closed paper trade sell pnl=3.2039 equity=12339.46
closed paper trade buy pnl=3.5321 equity=12342.99
closed paper trade buy pnl=9.5180 equity=12352.51
closed paper trade sell pnl=4.1882 equity=12356.70
closed paper trade sell pnl=1.5185 equity=12358.21
closed paper trade sell pnl=3.1358 equity=12361.35
closed paper trade sell pnl=3.7394 equity=12365.09
closed paper trade sell pnl=3.9084 equity=12369.00
closed paper trade buy pnl=3.0836 equity=12372.08
closed paper trade buy pnl=4.6300 equity=12376.71
closed paper trade buy pnl=1.7079 equity=12378.42
closed paper trade buy pnl=3.7999 equity=12382.22
closed paper trade buy pnl=3.5866 equity=12385.81
closed paper trade sell pnl=2.0271 equity=12387.83
closed paper trade sell pnl=3.2896 equity=12391.12
closed paper trade buy pnl=2.7692 equity=12393.89
closed paper trade sell pnl=2.8511 equity=12396.74
closed paper trade buy pnl=3.7565 equity=12400.50
closed paper trade sell pnl=2.0268 equity=12402.53
closed paper trade sell pnl=2.3724 equity=12404.90
closed paper trade sell pnl=1.1190 equity=12406.02
closed paper trade sell pnl=3.4237 equity=12409.44
closed paper trade buy pnl=3.1420 equity=12412.58
closed paper trade buy pnl=3.0706 equity=12415.65
closed paper trade buy pnl=3.1057 equity=12418.76
closed paper trade buy pnl=3.0238 equity=12421.78
closed paper trade sell pnl=4.8024 equity=12426.59
closed paper trade buy pnl=3.2813 equity=12429.87
closed paper trade sell pnl=3.6088 equity=12433.48
closed paper trade buy pnl=3.1274 equity=12436.60
closed paper trade buy pnl=3.3430 equity=12439.95
closed paper trade sell pnl=2.7926 equity=12442.74
closed paper trade buy pnl=2.2395 equity=12444.98
closed paper trade sell pnl=5.5652 equity=12450.54
closed paper trade sell pnl=5.3317 equity=12455.88
closed paper trade sell pnl=3.0049 equity=12458.88
closed paper trade sell pnl=3.9266 equity=12462.81
closed paper trade buy pnl=3.4075 equity=12466.21
closed paper trade buy pnl=1.4429 equity=12467.66
closed paper trade sell pnl=1.6486 equity=12469.31
closed paper trade sell pnl=4.2713 equity=12473.58
closed paper trade sell pnl=0.7635 equity=12474.34
closed paper trade sell pnl=3.9880 equity=12478.33
closed paper trade buy pnl=2.6612 equity=12480.99
closed paper trade sell pnl=3.1430 equity=12484.13
closed paper trade sell pnl=3.8993 equity=12488.03
closed paper trade buy pnl=5.1878 equity=12493.22
closed paper trade sell pnl=2.6132 equity=12495.83
closed paper trade sell pnl=2.9763 equity=12498.81
closed paper trade sell pnl=3.0188 equity=12501.83
closed paper trade buy pnl=3.6613 equity=12505.49
closed paper trade sell pnl=3.4256 equity=12508.92
closed paper trade buy pnl=3.7242 equity=12512.64
closed paper trade buy pnl=3.3960 equity=12516.04
closed paper trade buy pnl=1.7339 equity=12517.77
closed paper trade buy pnl=5.2173 equity=12522.99
closed paper trade sell pnl=2.9591 equity=12525.95
closed paper trade buy pnl=2.7409 equity=12528.69
closed paper trade sell pnl=4.0055 equity=12532.69
closed paper trade buy pnl=3.1559 equity=12535.85
closed paper trade buy pnl=1.9861 equity=12537.83
closed paper trade sell pnl=3.1258 equity=12540.96
closed paper trade sell pnl=3.3115 equity=12544.27
closed paper trade sell pnl=4.3817 equity=12548.65
closed paper trade buy pnl=3.4365 equity=12552.09
closed paper trade buy pnl=2.0214 equity=12554.11
closed paper trade buy pnl=3.3633 equity=12557.47
closed paper trade sell pnl=3.1941 equity=12560.67
closed paper trade buy pnl=3.6466 equity=12564.31
closed paper trade sell pnl=3.4938 equity=12567.81
closed paper trade buy pnl=3.8460 equity=12571.65
closed paper trade sell pnl=2.7868 equity=12574.44
closed paper trade buy pnl=3.7156 equity=12578.16
closed paper trade sell pnl=4.0836 equity=12582.24
closed paper trade buy pnl=4.0673 equity=12586.31
closed paper trade buy pnl=2.6400 equity=12588.95
closed paper trade sell pnl=3.0506 equity=12592.00
closed paper trade sell pnl=4.3294 equity=12596.33
closed paper trade buy pnl=2.6550 equity=12598.98
closed paper trade sell pnl=2.2133 equity=12601.20
closed paper trade buy pnl=2.6969 equity=12603.89
closed paper trade buy pnl=1.1506 equity=12605.04
closed paper trade sell pnl=3.8658 equity=12608.91
closed paper trade sell pnl=3.0655 equity=12611.98
closed paper trade buy pnl=4.9546 equity=12616.93
closed paper trade sell pnl=4.7864 equity=12621.72
closed paper trade buy pnl=3.8210 equity=12625.54
closed paper trade buy pnl=3.9713 equity=12629.51
closed paper trade buy pnl=2.4577 equity=12631.97
closed paper trade buy pnl=3.0771 equity=12635.04
closed paper trade sell pnl=3.4512 equity=12638.49
closed paper trade buy pnl=1.9523 equity=12640.45
closed paper trade buy pnl=3.3591 equity=12643.81
closed paper trade buy pnl=2.6743 equity=12646.48
closed paper trade buy pnl=3.4861 equity=12649.97
closed paper trade sell pnl=3.3597 equity=12653.33
closed paper trade sell pnl=5.4177 equity=12658.74
closed paper trade sell pnl=3.8880 equity=12662.63
closed paper trade buy pnl=4.2145 equity=12666.85
closed paper trade buy pnl=3.2693 equity=12670.12
closed paper trade sell pnl=2.0836 equity=12672.20
closed paper trade sell pnl=3.8656 equity=12676.06
closed paper trade sell pnl=3.5701 equity=12679.63
closed paper trade buy pnl=1.1372 equity=12680.77
closed paper trade buy pnl=4.3947 equity=12685.17
closed paper trade buy pnl=4.4342 equity=12689.60
closed paper trade sell pnl=2.3921 equity=12691.99
closed paper trade sell pnl=3.4838 equity=12695.48
closed paper trade sell pnl=3.1437 equity=12698.62
closed paper trade sell pnl=4.3403 equity=12702.96
closed paper trade buy pnl=3.0429 equity=12706.00
closed paper trade sell pnl=4.1905 equity=12710.19
closed paper trade buy pnl=3.6922 equity=12713.89
closed paper trade buy pnl=3.9530 equity=12717.84
closed paper trade sell pnl=2.2295 equity=12720.07
closed paper trade buy pnl=3.0797 equity=12723.15
closed paper trade buy pnl=2.0315 equity=12725.18
closed paper trade buy pnl=3.4994 equity=12728.68
closed paper trade sell pnl=3.4902 equity=12732.17
closed paper trade buy pnl=3.7353 equity=12735.91
closed paper trade sell pnl=7.4729 equity=12743.38
closed paper trade buy pnl=2.2607 equity=12745.64
closed paper trade sell pnl=2.3021 equity=12747.94
closed paper trade buy pnl=3.1477 equity=12751.09
closed paper trade buy pnl=2.6064 equity=12753.69
closed paper trade sell pnl=3.6073 equity=12757.30
closed paper trade sell pnl=3.2466 equity=12760.55
closed paper trade sell pnl=1.5739 equity=12762.12
closed paper trade buy pnl=2.8829 equity=12765.01
closed paper trade sell pnl=3.4626 equity=12768.47
closed paper trade sell pnl=3.0599 equity=12771.53
closed paper trade buy pnl=3.2016 equity=12774.73
closed paper trade buy pnl=3.6375 equity=12778.37
closed paper trade buy pnl=5.3806 equity=12783.75
closed paper trade buy pnl=2.5064 equity=12786.25
closed paper trade sell pnl=3.4171 equity=12789.67
closed paper trade sell pnl=2.7338 equity=12792.40
closed paper trade sell pnl=2.8985 equity=12795.30
closed paper trade buy pnl=4.1988 equity=12799.50
closed paper trade buy pnl=3.4806 equity=12802.98
closed paper trade sell pnl=4.5742 equity=12807.56
closed paper trade sell pnl=3.6053 equity=12811.16
closed paper trade buy pnl=3.7085 equity=12814.87
closed paper trade buy pnl=7.1594 equity=12822.03
closed paper trade buy pnl=3.0098 equity=12825.04
closed paper trade sell pnl=-0.3857 equity=12824.65
closed paper trade buy pnl=3.0441 equity=12827.70
closed paper trade buy pnl=5.7699 equity=12833.47
closed paper trade sell pnl=4.0540 equity=12837.52
closed paper trade sell pnl=4.2402 equity=12841.76
closed paper trade sell pnl=3.1514 equity=12844.91
closed paper trade buy pnl=1.9779 equity=12846.89
closed paper trade buy pnl=3.1080 equity=12850.00
closed paper trade sell pnl=1.5896 equity=12851.59
closed paper trade buy pnl=3.7311 equity=12855.32
closed paper trade buy pnl=2.5454 equity=12857.87
closed paper trade buy pnl=1.5271 equity=12859.39
closed paper trade sell pnl=6.0025 equity=12865.40
closed paper trade sell pnl=1.8743 equity=12867.27
closed paper trade buy pnl=10.6741 equity=12877.94
closed paper trade buy pnl=3.6997 equity=12881.64
closed paper trade buy pnl=6.1721 equity=12887.82
closed paper trade buy pnl=3.3759 equity=12891.19
closed paper trade buy pnl=1.1165 equity=12892.31
closed paper trade buy pnl=2.1212 equity=12894.43
closed paper trade sell pnl=2.2989 equity=12896.73
closed paper trade sell pnl=2.5158 equity=12899.24
closed paper trade sell pnl=3.6273 equity=12902.87
closed paper trade sell pnl=1.0825 equity=12903.95
closed paper trade buy pnl=1.8748 equity=12905.83
closed paper trade buy pnl=4.7401 equity=12910.57
closed paper trade sell pnl=3.9031 equity=12914.47
closed paper trade sell pnl=3.2919 equity=12917.76
closed paper trade buy pnl=2.2492 equity=12920.01
closed paper trade sell pnl=1.3764 equity=12921.39
closed paper trade buy pnl=1.6189 equity=12923.01
closed paper trade sell pnl=2.8515 equity=12925.86
closed paper trade buy pnl=2.7716 equity=12928.63
closed paper trade sell pnl=2.6854 equity=12931.32
closed paper trade sell pnl=3.3804 equity=12934.70
closed paper trade sell pnl=2.1342 equity=12936.83
closed paper trade buy pnl=2.8069 equity=12939.64
closed paper trade buy pnl=3.3977 equity=12943.04
closed paper trade buy pnl=2.9393 equity=12945.98
closed paper trade buy pnl=2.8948 equity=12948.87
closed paper trade buy pnl=4.8171 equity=12953.69
closed paper trade buy pnl=2.8998 equity=12956.59
closed paper trade buy pnl=3.6073 equity=12960.19
closed paper trade sell pnl=5.3841 equity=12965.58
closed paper trade sell pnl=3.1707 equity=12968.75
closed paper trade buy pnl=1.9878 equity=12970.74
closed paper trade sell pnl=2.2900 equity=12973.03
closed paper trade sell pnl=3.3687 equity=12976.40
closed paper trade sell pnl=4.0421 equity=12980.44
closed paper trade sell pnl=4.3755 equity=12984.81
closed paper trade sell pnl=4.0753 equity=12988.89
closed paper trade sell pnl=2.3704 equity=12991.26
closed paper trade sell pnl=3.4393 equity=12994.70
closed paper trade buy pnl=4.3146 equity=12999.01
closed paper trade buy pnl=0.8785 equity=12999.89
closed paper trade sell pnl=3.4424 equity=13003.33
closed paper trade sell pnl=3.6699 equity=13007.00
closed paper trade sell pnl=-0.0129 equity=13006.99
closed paper trade sell pnl=2.3754 equity=13009.37
closed paper trade sell pnl=2.9188 equity=13012.29
closed paper trade sell pnl=3.6310 equity=13015.92
closed paper trade sell pnl=3.0511 equity=13018.97
closed paper trade sell pnl=2.8324 equity=13021.80
closed paper trade buy pnl=3.3272 equity=13025.13
closed paper trade buy pnl=3.0471 equity=13028.17
closed paper trade buy pnl=3.6913 equity=13031.87
closed paper trade buy pnl=2.0120 equity=13033.88
closed paper trade sell pnl=4.0382 equity=13037.92
closed paper trade buy pnl=2.6334 equity=13040.55
closed paper trade sell pnl=3.9383 equity=13044.49
closed paper trade sell pnl=4.0429 equity=13048.53
closed paper trade sell pnl=3.3195 equity=13051.85
closed paper trade buy pnl=2.9409 equity=13054.79
closed paper trade sell pnl=3.2438 equity=13058.03
closed paper trade buy pnl=2.3382 equity=13060.37
closed paper trade sell pnl=2.2079 equity=13062.58
closed paper trade buy pnl=5.6707 equity=13068.25
closed paper trade sell pnl=2.6698 equity=13070.92
closed paper trade sell pnl=2.8135 equity=13073.73
closed paper trade sell pnl=5.1706 equity=13078.90
closed paper trade sell pnl=3.8923 equity=13082.80
closed paper trade buy pnl=3.6222 equity=13086.42
closed paper trade buy pnl=5.1215 equity=13091.54
closed paper trade sell pnl=0.7000 equity=13092.24
closed paper trade buy pnl=3.5753 equity=13095.82
closed paper trade buy pnl=3.6838 equity=13099.50
closed paper trade buy pnl=3.5325 equity=13103.03
closed paper trade sell pnl=3.1787 equity=13106.21
closed paper trade sell pnl=3.0656 equity=13109.28
closed paper trade sell pnl=2.3979 equity=13111.67
closed paper trade sell pnl=4.3611 equity=13116.04
closed paper trade sell pnl=3.6889 equity=13119.72
closed paper trade sell pnl=3.3372 equity=13123.06
closed paper trade buy pnl=3.4611 equity=13126.52
closed paper trade sell pnl=2.5281 equity=13129.05
closed paper trade buy pnl=3.9902 equity=13133.04
closed paper trade sell pnl=3.9566 equity=13137.00
closed paper trade sell pnl=4.0132 equity=13141.01
closed paper trade sell pnl=2.5264 equity=13143.54
closed paper trade sell pnl=3.3502 equity=13146.89
closed paper trade sell pnl=3.5604 equity=13150.45
closed paper trade sell pnl=3.0359 equity=13153.48
closed paper trade buy pnl=3.3570 equity=13156.84
closed paper trade buy pnl=2.7848 equity=13159.63
closed paper trade buy pnl=3.1760 equity=13162.80
closed paper trade buy pnl=3.5158 equity=13166.32
closed paper trade sell pnl=3.5706 equity=13169.89
closed paper trade sell pnl=3.7426 equity=13173.63
closed paper trade sell pnl=3.5704 equity=13177.20
closed paper trade sell pnl=5.3314 equity=13182.53
closed paper trade sell pnl=2.2817 equity=13184.81
closed paper trade buy pnl=4.5373 equity=13189.35
closed paper trade buy pnl=3.4896 equity=13192.84
closed paper trade sell pnl=3.4670 equity=13196.31
closed paper trade sell pnl=3.2530 equity=13199.56
closed paper trade sell pnl=3.9394 equity=13203.50
closed paper trade sell pnl=3.5365 equity=13207.04
closed paper trade buy pnl=3.4906 equity=13210.53
closed paper trade sell pnl=2.9676 equity=13213.50
closed paper trade buy pnl=3.6602 equity=13217.16
closed paper trade sell pnl=3.0069 equity=13220.16
closed paper trade buy pnl=3.5455 equity=13223.71
closed paper trade buy pnl=3.0833 equity=13226.79
closed paper trade sell pnl=3.6050 equity=13230.40
closed paper trade sell pnl=3.8631 equity=13234.26
closed paper trade sell pnl=2.8089 equity=13237.07
closed paper trade sell pnl=4.1334 equity=13241.20
closed paper trade sell pnl=3.8337 equity=13245.04
closed paper trade buy pnl=2.3133 equity=13247.35
closed paper trade buy pnl=3.0529 equity=13250.40
closed paper trade buy pnl=4.3850 equity=13254.79
closed paper trade sell pnl=3.7414 equity=13258.53
closed paper trade buy pnl=4.2040 equity=13262.73
closed paper trade sell pnl=3.5911 equity=13266.32
closed paper trade sell pnl=3.5850 equity=13269.91
closed paper trade buy pnl=4.1886 equity=13274.10
closed paper trade sell pnl=7.1754 equity=13281.27
closed paper trade buy pnl=4.1342 equity=13285.41
closed paper trade sell pnl=3.2296 equity=13288.64
closed paper trade buy pnl=4.0452 equity=13292.68
closed paper trade buy pnl=3.2678 equity=13295.95
closed paper trade buy pnl=2.0960 equity=13298.04
closed paper trade sell pnl=2.8828 equity=13300.93
closed paper trade buy pnl=3.1327 equity=13304.06
closed paper trade sell pnl=2.4607 equity=13306.52
closed paper trade sell pnl=1.5783 equity=13308.10
closed paper trade buy pnl=3.9256 equity=13312.02
closed paper trade sell pnl=1.8730 equity=13313.90
closed paper trade buy pnl=2.5410 equity=13316.44
closed paper trade sell pnl=2.4289 equity=13318.87
closed paper trade sell pnl=2.9831 equity=13321.85
closed paper trade sell pnl=3.0815 equity=13324.93
closed paper trade buy pnl=3.3895 equity=13328.32
closed paper trade sell pnl=3.5883 equity=13331.91
closed paper trade buy pnl=2.8502 equity=13334.76
closed paper trade sell pnl=3.2497 equity=13338.01
closed paper trade sell pnl=6.5045 equity=13344.51
closed paper trade buy pnl=3.2881 equity=13347.80
closed paper trade buy pnl=3.2469 equity=13351.05
closed paper trade buy pnl=4.3655 equity=13355.42
closed paper trade buy pnl=3.0470 equity=13358.46
closed paper trade sell pnl=3.0781 equity=13361.54
closed paper trade sell pnl=3.1091 equity=13364.65
closed paper trade buy pnl=4.2475 equity=13368.90
closed paper trade buy pnl=3.3552 equity=13372.25
closed paper trade buy pnl=3.3979 equity=13375.65
closed paper trade sell pnl=1.8734 equity=13377.52
closed paper trade buy pnl=3.7754 equity=13381.30
closed paper trade buy pnl=3.7231 equity=13385.02
closed paper trade sell pnl=4.4927 equity=13389.51
closed paper trade sell pnl=2.6285 equity=13392.14
closed paper trade sell pnl=2.4024 equity=13394.55
closed paper trade sell pnl=3.1169 equity=13397.66
closed paper trade buy pnl=4.2784 equity=13401.94
closed paper trade buy pnl=1.8886 equity=13403.83
closed paper trade sell pnl=4.6465 equity=13408.48
closed paper trade sell pnl=1.8617 equity=13410.34
closed paper trade sell pnl=3.0562 equity=13413.39
closed paper trade sell pnl=4.7354 equity=13418.13
closed paper trade sell pnl=2.0814 equity=13420.21
closed paper trade buy pnl=2.5039 equity=13422.71
closed paper trade buy pnl=2.4320 equity=13425.15
closed paper trade buy pnl=3.1023 equity=13428.25
closed paper trade sell pnl=3.1591 equity=13431.41
closed paper trade buy pnl=0.8381 equity=13432.25
closed paper trade sell pnl=3.5197 equity=13435.77
closed paper trade buy pnl=2.0954 equity=13437.86
closed paper trade buy pnl=2.9067 equity=13440.77
closed paper trade buy pnl=4.4618 equity=13445.23
closed paper trade sell pnl=2.9475 equity=13448.18
closed paper trade buy pnl=5.1038 equity=13453.28
closed paper trade buy pnl=1.3689 equity=13454.65
closed paper trade buy pnl=2.7019 equity=13457.35
closed paper trade buy pnl=3.7983 equity=13461.15
closed paper trade buy pnl=5.5830 equity=13466.73
closed paper trade sell pnl=3.8485 equity=13470.58
closed paper trade sell pnl=4.0746 equity=13474.66
closed paper trade buy pnl=4.0659 equity=13478.72
closed paper trade buy pnl=3.4175 equity=13482.14
closed paper trade sell pnl=3.5028 equity=13485.64
closed paper trade buy pnl=3.3536 equity=13489.00
closed paper trade sell pnl=4.8494 equity=13493.85
closed paper trade buy pnl=2.2301 equity=13496.08
closed paper trade sell pnl=3.9911 equity=13500.07
closed paper trade sell pnl=2.7344 equity=13502.80
closed paper trade sell pnl=3.4358 equity=13506.24
closed paper trade sell pnl=2.4248 equity=13508.66
closed paper trade buy pnl=1.0617 equity=13509.72
closed paper trade sell pnl=4.9328 equity=13514.66
closed paper trade sell pnl=1.6640 equity=13516.32
closed paper trade buy pnl=4.1698 equity=13520.49
closed paper trade buy pnl=3.2448 equity=13523.73
closed paper trade sell pnl=7.0985 equity=13530.83
closed paper trade buy pnl=4.0733 equity=13534.91
closed paper trade sell pnl=3.4057 equity=13538.31
closed paper trade buy pnl=3.2642 equity=13541.58
closed paper trade buy pnl=0.7939 equity=13542.37
closed paper trade buy pnl=2.8933 equity=13545.26
closed paper trade buy pnl=3.6720 equity=13548.94
closed paper trade sell pnl=1.6171 equity=13550.55
closed paper trade sell pnl=3.4565 equity=13554.01
closed paper trade sell pnl=-0.2693 equity=13553.74
closed paper trade buy pnl=3.5310 equity=13557.27
closed paper trade buy pnl=1.9372 equity=13559.21
closed paper trade sell pnl=4.3192 equity=13563.53
closed paper trade buy pnl=3.7942 equity=13567.32
closed paper trade sell pnl=2.6691 equity=13569.99
closed paper trade buy pnl=2.5435 equity=13572.53
closed paper trade buy pnl=3.8907 equity=13576.42
closed paper trade sell pnl=5.4488 equity=13581.87
closed paper trade buy pnl=6.3710 equity=13588.24
closed paper trade sell pnl=4.2394 equity=13592.48
closed paper trade buy pnl=2.4186 equity=13594.90
closed paper trade buy pnl=3.4871 equity=13598.39
closed paper trade sell pnl=4.0853 equity=13602.47
closed paper trade buy pnl=6.0267 equity=13608.50
closed paper trade buy pnl=4.2004 equity=13612.70
closed paper trade sell pnl=3.0376 equity=13615.74
closed paper trade buy pnl=4.3497 equity=13620.09
closed paper trade buy pnl=3.4063 equity=13623.50
closed paper trade sell pnl=3.2637 equity=13626.76
closed paper trade buy pnl=4.4001 equity=13631.16
closed paper trade sell pnl=2.6281 equity=13633.79
closed paper trade sell pnl=4.5816 equity=13638.37
closed paper trade buy pnl=1.8766 equity=13640.25
closed paper trade sell pnl=5.6216 equity=13645.87
closed paper trade sell pnl=4.9817 equity=13650.85
closed paper trade buy pnl=3.5250 equity=13654.37
closed paper trade sell pnl=1.9001 equity=13656.27
closed paper trade sell pnl=4.4065 equity=13660.68
closed paper trade sell pnl=8.3282 equity=13669.01
closed paper trade sell pnl=8.2177 equity=13677.23
closed paper trade buy pnl=1.2945 equity=13678.52
closed paper trade sell pnl=2.0880 equity=13680.61
closed paper trade sell pnl=5.9550 equity=13686.56
closed paper trade buy pnl=3.1582 equity=13689.72
closed paper trade sell pnl=6.6157 equity=13696.34
closed paper trade sell pnl=4.8143 equity=13701.15
closed paper trade sell pnl=-2.7996 equity=13698.35
closed paper trade buy pnl=3.4377 equity=13701.79
closed paper trade buy pnl=4.0572 equity=13705.85
closed paper trade sell pnl=5.0568 equity=13710.90
closed paper trade sell pnl=12.1695 equity=13723.07
closed paper trade buy pnl=-1.0818 equity=13721.99
closed paper trade sell pnl=4.6593 equity=13726.65
closed paper trade sell pnl=1.9772 equity=13728.63
closed paper trade sell pnl=5.4479 equity=13734.08
closed paper trade sell pnl=4.8435 equity=13738.92
closed paper trade sell pnl=1.2987 equity=13740.22
closed paper trade buy pnl=2.7801 equity=13743.00
closed paper trade sell pnl=2.2182 equity=13745.22
closed paper trade sell pnl=4.4384 equity=13749.66
closed paper trade buy pnl=1.7828 equity=13751.44
closed paper trade sell pnl=2.9044 equity=13754.34
closed paper trade sell pnl=4.3710 equity=13758.71
closed paper trade buy pnl=-0.7301 equity=13757.98
closed paper trade sell pnl=4.4042 equity=13762.39
closed paper trade buy pnl=2.7023 equity=13765.09
closed paper trade sell pnl=2.4587 equity=13767.55
closed paper trade buy pnl=4.3748 equity=13771.92
closed paper trade sell pnl=1.5344 equity=13773.46
closed paper trade buy pnl=4.0716 equity=13777.53
closed paper trade buy pnl=5.9712 equity=13783.50
closed paper trade sell pnl=2.2729 equity=13785.77
closed paper trade buy pnl=6.4245 equity=13792.20
closed paper trade sell pnl=4.1391 equity=13796.34
closed paper trade sell pnl=0.9031 equity=13797.24
closed paper trade buy pnl=2.7633 equity=13800.00
closed paper trade sell pnl=4.2982 equity=13804.30
closed paper trade buy pnl=2.2453 equity=13806.55
closed paper trade buy pnl=3.6437 equity=13810.19
closed paper trade sell pnl=3.2170 equity=13813.41
closed paper trade buy pnl=2.7744 equity=13816.18
closed paper trade buy pnl=2.8133 equity=13819.00
closed paper trade sell pnl=0.4678 equity=13819.46
closed paper trade buy pnl=4.9146 equity=13824.38
closed paper trade sell pnl=4.3029 equity=13828.68
closed paper trade buy pnl=2.7886 equity=13831.47
closed paper trade buy pnl=2.4223 equity=13833.89
closed paper trade sell pnl=4.6278 equity=13838.52
closed paper trade sell pnl=3.9998 equity=13842.52
closed paper trade buy pnl=3.5867 equity=13846.11
closed paper trade buy pnl=2.4372 equity=13848.54
closed paper trade buy pnl=3.9443 equity=13852.49
closed paper trade buy pnl=3.6478 equity=13856.14
closed paper trade sell pnl=3.8267 equity=13859.96
closed paper trade sell pnl=2.5795 equity=13862.54
closed paper trade buy pnl=3.8541 equity=13866.40
closed paper trade buy pnl=2.9007 equity=13869.30
closed paper trade sell pnl=1.5589 equity=13870.86
closed paper trade buy pnl=2.3995 equity=13873.25
closed paper trade buy pnl=2.9922 equity=13876.25
closed paper trade sell pnl=1.8473 equity=13878.09
closed paper trade buy pnl=3.7480 equity=13881.84
closed paper trade sell pnl=2.4223 equity=13884.26
closed paper trade sell pnl=3.6918 equity=13887.96
closed paper trade sell pnl=2.8427 equity=13890.80
closed paper trade sell pnl=3.8373 equity=13894.64
closed paper trade buy pnl=2.1204 equity=13896.76
closed paper trade sell pnl=3.2879 equity=13900.04
closed paper trade buy pnl=4.3415 equity=13904.39
closed paper trade sell pnl=4.0721 equity=13908.46
closed paper trade sell pnl=3.6040 equity=13912.06
closed paper trade sell pnl=3.1104 equity=13915.17
closed paper trade buy pnl=2.5277 equity=13917.70
closed paper trade buy pnl=2.7820 equity=13920.48
closed paper trade sell pnl=3.2726 equity=13923.75
closed paper trade sell pnl=3.0000 equity=13926.76
closed paper trade buy pnl=3.7043 equity=13930.46
closed paper trade buy pnl=3.4374 equity=13933.90
closed paper trade sell pnl=2.5676 equity=13936.46
closed paper trade sell pnl=4.0697 equity=13940.53
closed paper trade sell pnl=3.5714 equity=13944.11
closed paper trade sell pnl=2.8175 equity=13946.92
closed paper trade buy pnl=4.6342 equity=13951.56
closed paper trade buy pnl=3.1167 equity=13954.67
closed paper trade sell pnl=3.7902 equity=13958.46
closed paper trade sell pnl=3.0489 equity=13961.51
closed paper trade sell pnl=3.1409 equity=13964.65
closed paper trade buy pnl=2.2193 equity=13966.87
closed paper trade buy pnl=2.4895 equity=13969.36
closed paper trade sell pnl=3.9112 equity=13973.27
closed paper trade sell pnl=3.8132 equity=13977.09
closed paper trade sell pnl=2.9894 equity=13980.08
closed paper trade sell pnl=3.5735 equity=13983.65
closed paper trade sell pnl=2.2635 equity=13985.91
closed paper trade sell pnl=2.4900 equity=13988.40
closed paper trade buy pnl=-0.0084 equity=13988.40
closed paper trade sell pnl=2.9228 equity=13991.32
closed paper trade buy pnl=2.0265 equity=13993.34
closed paper trade buy pnl=4.1554 equity=13997.50
closed paper trade sell pnl=4.1602 equity=14001.66
closed paper trade sell pnl=5.6401 equity=14007.30
closed paper trade buy pnl=3.4729 equity=14010.77
closed paper trade buy pnl=3.5161 equity=14014.29
closed paper trade buy pnl=1.6845 equity=14015.97
closed paper trade sell pnl=4.5419 equity=14020.52
closed paper trade sell pnl=2.7006 equity=14023.22
closed paper trade sell pnl=3.4757 equity=14026.69
closed paper trade sell pnl=5.6208 equity=14032.31
closed paper trade sell pnl=4.6494 equity=14036.96
closed paper trade sell pnl=3.9922 equity=14040.95
closed paper trade buy pnl=4.7589 equity=14045.71
closed paper trade sell pnl=3.6240 equity=14049.34
closed paper trade sell pnl=8.3167 equity=14057.65
closed paper trade sell pnl=4.7253 equity=14062.38
closed paper trade buy pnl=7.2391 equity=14069.62
closed paper trade buy pnl=1.1068 equity=14070.72
closed paper trade sell pnl=2.0487 equity=14072.77
closed paper trade buy pnl=4.3058 equity=14077.08
closed paper trade sell pnl=1.9784 equity=14079.06
closed paper trade sell pnl=0.8754 equity=14079.93
closed paper trade buy pnl=4.6302 equity=14084.56
closed paper trade buy pnl=3.1653 equity=14087.73
closed paper trade buy pnl=4.3988 equity=14092.13
closed paper trade sell pnl=3.4508 equity=14095.58
closed paper trade sell pnl=2.4652 equity=14098.04
closed paper trade buy pnl=1.7065 equity=14099.75
closed paper trade buy pnl=3.2751 equity=14103.03
closed paper trade buy pnl=4.1008 equity=14107.13
closed paper trade sell pnl=2.0035 equity=14109.13
closed paper trade buy pnl=1.1758 equity=14110.31
closed paper trade buy pnl=1.1272 equity=14111.43
closed paper trade buy pnl=-1.2462 equity=14110.19
closed paper trade buy pnl=1.6363 equity=14111.82
closed paper trade buy pnl=-0.6794 equity=14111.14
closed paper trade buy pnl=-2.0786 equity=14109.06
closed paper trade buy pnl=7.0725 equity=14116.14
closed paper trade buy pnl=-3.2898 equity=14112.85
closed paper trade buy pnl=6.5964 equity=14119.44
closed paper trade sell pnl=4.1700 equity=14123.61
closed paper trade buy pnl=2.2587 equity=14125.87
closed paper trade buy pnl=2.8798 equity=14128.75
closed paper trade buy pnl=2.8620 equity=14131.61
closed paper trade buy pnl=11.9228 equity=14143.54
closed paper trade sell pnl=4.9367 equity=14148.47
closed paper trade sell pnl=5.5511 equity=14154.02
closed paper trade buy pnl=5.8320 equity=14159.86
closed paper trade buy pnl=2.3139 equity=14162.17
closed paper trade sell pnl=4.2717 equity=14166.44
closed paper trade sell pnl=4.8958 equity=14171.34
closed paper trade sell pnl=4.3141 equity=14175.65
closed paper trade buy pnl=1.8161 equity=14177.47
closed paper trade sell pnl=3.1341 equity=14180.60
closed paper trade buy pnl=3.6706 equity=14184.27
closed paper trade sell pnl=-1.8565 equity=14182.42
closed paper trade sell pnl=6.0137 equity=14188.43
closed paper trade buy pnl=0.3748 equity=14188.81
closed paper trade buy pnl=8.0370 equity=14196.84
closed paper trade buy pnl=5.8278 equity=14202.67
closed paper trade buy pnl=3.7622 equity=14206.43
closed paper trade sell pnl=7.3432 equity=14213.78
closed paper trade buy pnl=3.6985 equity=14217.47
closed paper trade sell pnl=-1.6885 equity=14215.79
closed paper trade sell pnl=3.2297 equity=14219.02
closed paper trade sell pnl=0.5134 equity=14219.53
closed paper trade sell pnl=4.6138 equity=14224.14
closed paper trade sell pnl=4.4671 equity=14228.61
closed paper trade buy pnl=0.8518 equity=14229.46
closed paper trade sell pnl=6.0104 equity=14235.47
closed paper trade sell pnl=5.3158 equity=14240.79
closed paper trade sell pnl=4.1004 equity=14244.89
closed paper trade sell pnl=3.2210 equity=14248.11
closed paper trade sell pnl=2.9766 equity=14251.09
closed paper trade buy pnl=9.3778 equity=14260.46
closed paper trade sell pnl=-0.8490 equity=14259.61
closed paper trade sell pnl=6.0335 equity=14265.65
closed paper trade buy pnl=4.1122 equity=14269.76
closed paper trade sell pnl=7.6704 equity=14277.43
closed paper trade buy pnl=4.4311 equity=14281.86
closed paper trade sell pnl=4.1876 equity=14286.05
closed paper trade sell pnl=3.1868 equity=14289.24
closed paper trade buy pnl=4.3497 equity=14293.59
closed paper trade buy pnl=4.7433 equity=14298.33
closed paper trade buy pnl=4.3189 equity=14302.65
closed paper trade sell pnl=3.2586 equity=14305.91
closed paper trade sell pnl=3.0682 equity=14308.97
closed paper trade buy pnl=3.9840 equity=14312.96
closed paper trade buy pnl=3.9489 equity=14316.91
closed paper trade buy pnl=3.1229 equity=14320.03
closed paper trade buy pnl=5.3061 equity=14325.34
closed paper trade buy pnl=3.8841 equity=14329.22
closed paper trade buy pnl=2.9371 equity=14332.16
closed paper trade buy pnl=2.5022 equity=14334.66
closed paper trade buy pnl=4.1682 equity=14338.83
closed paper trade sell pnl=6.0272 equity=14344.86
closed paper trade buy pnl=2.3417 equity=14347.20
closed paper trade buy pnl=2.6947 equity=14349.89
closed paper trade sell pnl=4.4903 equity=14354.38
closed paper trade buy pnl=4.8526 equity=14359.23
closed paper trade buy pnl=4.0685 equity=14363.30
closed paper trade buy pnl=2.0044 equity=14365.31
closed paper trade sell pnl=5.1357 equity=14370.44
closed paper trade sell pnl=8.8981 equity=14379.34
closed paper trade sell pnl=8.7705 equity=14388.11
closed paper trade buy pnl=2.9391 equity=14391.05
closed paper trade sell pnl=3.1913 equity=14394.24
closed paper trade sell pnl=5.4119 equity=14399.65
closed paper trade sell pnl=5.7417 equity=14405.40
closed paper trade sell pnl=2.0646 equity=14407.46
closed paper trade buy pnl=4.7319 equity=14412.19
closed paper trade sell pnl=2.1090 equity=14414.30
closed paper trade buy pnl=5.5864 equity=14419.89
closed paper trade sell pnl=6.5585 equity=14426.45
closed paper trade buy pnl=3.6247 equity=14430.07
closed paper trade sell pnl=1.8325 equity=14431.90
closed paper trade sell pnl=1.9462 equity=14433.85
closed paper trade buy pnl=0.7813 equity=14434.63
closed paper trade buy pnl=5.4799 equity=14440.11
closed paper trade buy pnl=11.9660 equity=14452.08
closed paper trade buy pnl=2.8526 equity=14454.93
closed paper trade buy pnl=2.3033 equity=14457.23
closed paper trade sell pnl=4.5068 equity=14461.74
closed paper trade sell pnl=3.9225 equity=14465.66
closed paper trade buy pnl=1.5657 equity=14467.23
closed paper trade buy pnl=2.1057 equity=14469.33
closed paper trade buy pnl=7.1253 equity=14476.46
closed paper trade buy pnl=3.9321 equity=14480.39
closed paper trade buy pnl=4.0519 equity=14484.44
closed paper trade sell pnl=1.6603 equity=14486.10
closed paper trade buy pnl=3.3158 equity=14489.42
closed paper trade sell pnl=4.2223 equity=14493.64
closed paper trade buy pnl=3.8514 equity=14497.49
closed paper trade buy pnl=3.1093 equity=14500.60
closed paper trade buy pnl=4.1997 equity=14504.80
closed paper trade sell pnl=2.7510 equity=14507.55
closed paper trade sell pnl=4.1311 equity=14511.68
closed paper trade buy pnl=5.1590 equity=14516.84
closed paper trade buy pnl=7.9382 equity=14524.78
closed paper trade sell pnl=3.4024 equity=14528.18
closed paper trade buy pnl=2.4228 equity=14530.61
closed paper trade buy pnl=2.6187 equity=14533.22
closed paper trade buy pnl=3.0932 equity=14536.32
closed paper trade buy pnl=4.4425 equity=14540.76
closed paper trade sell pnl=3.4779 equity=14544.24
closed paper trade buy pnl=2.4431 equity=14546.68
closed paper trade buy pnl=4.4911 equity=14551.17
closed paper trade sell pnl=3.3104 equity=14554.48
closed paper trade sell pnl=3.5038 equity=14557.99
closed paper trade buy pnl=3.3274 equity=14561.31
closed paper trade buy pnl=3.4912 equity=14564.81
closed paper trade buy pnl=2.8942 equity=14567.70
closed paper trade sell pnl=11.3750 equity=14579.07
closed paper trade sell pnl=2.3377 equity=14581.41
closed paper trade buy pnl=3.1362 equity=14584.55
closed paper trade buy pnl=2.9340 equity=14587.48
closed paper trade sell pnl=3.6925 equity=14591.17
closed paper trade buy pnl=4.5208 equity=14595.70
closed paper trade sell pnl=4.1411 equity=14599.84
closed paper trade buy pnl=1.1900 equity=14601.03
closed paper trade buy pnl=5.3406 equity=14606.37
closed paper trade buy pnl=2.9250 equity=14609.29
closed paper trade buy pnl=3.9468 equity=14613.24
closed paper trade sell pnl=4.2891 equity=14617.53
closed paper trade buy pnl=1.1184 equity=14618.65
closed paper trade buy pnl=1.2297 equity=14619.88
closed paper trade buy pnl=5.3407 equity=14625.22
closed paper trade sell pnl=3.1964 equity=14628.41
closed paper trade sell pnl=2.9824 equity=14631.40
closed paper trade buy pnl=4.0539 equity=14635.45
closed paper trade sell pnl=5.9656 equity=14641.42
closed paper trade buy pnl=4.1172 equity=14645.53
closed paper trade sell pnl=3.6066 equity=14649.14
closed paper trade sell pnl=8.2437 equity=14657.38
closed paper trade sell pnl=3.5170 equity=14660.90
closed paper trade sell pnl=9.2974 equity=14670.20
closed paper trade buy pnl=4.3654 equity=14674.56
closed paper trade sell pnl=5.2781 equity=14679.84
closed paper trade buy pnl=9.2350 equity=14689.08
closed paper trade sell pnl=5.1819 equity=14694.26
closed paper trade sell pnl=2.6992 equity=14696.96
closed paper trade sell pnl=2.4351 equity=14699.39
closed paper trade buy pnl=3.8288 equity=14703.22
closed paper trade sell pnl=3.0922 equity=14706.31
closed paper trade buy pnl=3.9850 equity=14710.30
closed paper trade buy pnl=5.0703 equity=14715.37
closed paper trade sell pnl=5.6315 equity=14721.00
closed paper trade buy pnl=5.5780 equity=14726.58
closed paper trade sell pnl=4.0622 equity=14730.64
closed paper trade buy pnl=0.8637 equity=14731.50
closed paper trade sell pnl=2.9100 equity=14734.41
closed paper trade sell pnl=4.0890 equity=14738.50
closed paper trade sell pnl=3.3394 equity=14741.84
closed paper trade buy pnl=4.2565 equity=14746.10
closed paper trade buy pnl=3.3515 equity=14749.45
closed paper trade buy pnl=3.6361 equity=14753.09
closed paper trade sell pnl=3.5272 equity=14756.61
closed paper trade buy pnl=4.3506 equity=14760.96
closed paper trade buy pnl=3.8067 equity=14764.77
closed paper trade sell pnl=3.3319 equity=14768.10
closed paper trade buy pnl=4.8477 equity=14772.95
closed paper trade buy pnl=1.6684 equity=14774.62
closed paper trade buy pnl=0.5115 equity=14775.13
closed paper trade sell pnl=1.2433 equity=14776.37
closed paper trade sell pnl=2.7180 equity=14779.09
closed paper trade sell pnl=4.7532 equity=14783.85
closed paper trade sell pnl=3.5063 equity=14787.35
closed paper trade buy pnl=0.7670 equity=14788.12
closed paper trade buy pnl=2.9144 equity=14791.03
closed paper trade sell pnl=2.1358 equity=14793.17
closed paper trade buy pnl=3.9187 equity=14797.09
closed paper trade sell pnl=3.5646 equity=14800.65
closed paper trade buy pnl=2.5316 equity=14803.18
closed paper trade buy pnl=2.5435 equity=14805.73
closed paper trade sell pnl=4.4194 equity=14810.15
closed paper trade sell pnl=2.8709 equity=14813.02
closed paper trade sell pnl=5.4163 equity=14818.43
closed paper trade buy pnl=1.9642 equity=14820.40
closed paper trade sell pnl=4.6685 equity=14825.07
closed paper trade buy pnl=4.4046 equity=14829.47
closed paper trade buy pnl=5.0394 equity=14834.51
closed paper trade buy pnl=4.1480 equity=14838.66
closed paper trade sell pnl=4.1871 equity=14842.85
closed paper trade buy pnl=4.4867 equity=14847.33
closed paper trade buy pnl=4.5516 equity=14851.88
closed paper trade buy pnl=3.8401 equity=14855.72
closed paper trade sell pnl=4.1535 equity=14859.88
closed paper trade sell pnl=3.4059 equity=14863.28
closed paper trade sell pnl=4.5423 equity=14867.83
closed paper trade sell pnl=3.0492 equity=14870.87
closed paper trade buy pnl=4.6222 equity=14875.50
closed paper trade sell pnl=5.1807 equity=14880.68
closed paper trade sell pnl=2.7864 equity=14883.46
closed paper trade sell pnl=4.3349 equity=14887.80
closed paper trade buy pnl=2.8865 equity=14890.69
closed paper trade sell pnl=2.8562 equity=14893.54
closed paper trade buy pnl=2.3269 equity=14895.87
closed paper trade buy pnl=4.1600 equity=14900.03
closed paper trade buy pnl=2.5277 equity=14902.56
closed paper trade sell pnl=2.7084 equity=14905.26
closed paper trade buy pnl=3.9900 equity=14909.25
closed paper trade buy pnl=4.4656 equity=14913.72
closed paper trade sell pnl=4.2551 equity=14917.98
closed paper trade buy pnl=3.8969 equity=14921.87
closed paper trade sell pnl=7.9182 equity=14929.79
closed paper trade buy pnl=2.9098 equity=14932.70
closed paper trade sell pnl=0.8944 equity=14933.59
closed paper trade sell pnl=6.1529 equity=14939.75
closed paper trade sell pnl=3.0408 equity=14942.79
closed paper trade buy pnl=2.7711 equity=14945.56
closed paper trade sell pnl=12.2287 equity=14957.79
closed paper trade buy pnl=6.4294 equity=14964.22
closed paper trade buy pnl=3.1759 equity=14967.39
closed paper trade buy pnl=3.6914 equity=14971.08
closed paper trade buy pnl=5.8214 equity=14976.91
closed paper trade sell pnl=5.9661 equity=14982.87
closed paper trade buy pnl=7.0544 equity=14989.93
closed paper trade buy pnl=3.0809 equity=14993.01
closed paper trade sell pnl=6.8459 equity=14999.85
closed paper trade sell pnl=7.6562 equity=15007.51
closed paper trade sell pnl=2.4334 equity=15009.94
closed paper trade buy pnl=4.8738 equity=15014.82
closed paper trade sell pnl=5.3358 equity=15020.15
closed paper trade sell pnl=2.1381 equity=15022.29
closed paper trade sell pnl=0.0713 equity=15022.36
closed paper trade sell pnl=-3.4519 equity=15018.91
closed paper trade buy pnl=5.4551 equity=15024.37
closed paper trade sell pnl=5.4079 equity=15029.77
closed paper trade sell pnl=3.2658 equity=15033.04
closed paper trade buy pnl=7.8366 equity=15040.88
closed paper trade buy pnl=4.2648 equity=15045.14
closed paper trade sell pnl=4.8308 equity=15049.97
closed paper trade sell pnl=2.8642 equity=15052.84
closed paper trade buy pnl=5.3964 equity=15058.23
closed paper trade sell pnl=3.3240 equity=15061.56
closed paper trade sell pnl=2.6149 equity=15064.17
closed paper trade buy pnl=6.3985 equity=15070.57
closed paper trade buy pnl=4.6601 equity=15075.23
closed paper trade buy pnl=2.0994 equity=15077.33
closed paper trade buy pnl=4.4772 equity=15081.81
closed paper trade sell pnl=2.8991 equity=15084.70
closed paper trade buy pnl=2.8064 equity=15087.51
closed paper trade buy pnl=1.9407 equity=15089.45
closed paper trade buy pnl=3.5840 equity=15093.04
closed paper trade sell pnl=4.1982 equity=15097.23
closed paper trade buy pnl=4.3376 equity=15101.57
closed paper trade sell pnl=4.8932 equity=15106.46
closed paper trade sell pnl=5.2476 equity=15111.71
closed paper trade sell pnl=3.0041 equity=15114.72
closed paper trade buy pnl=2.7394 equity=15117.46
closed paper trade buy pnl=2.4344 equity=15119.89
closed paper trade sell pnl=-3.0699 equity=15116.82
closed paper trade buy pnl=3.1946 equity=15120.02
closed paper trade buy pnl=1.9772 equity=15121.99
closed paper trade buy pnl=3.1382 equity=15125.13
closed paper trade buy pnl=2.2802 equity=15127.41
closed paper trade sell pnl=3.5709 equity=15130.98
closed paper trade buy pnl=4.8106 equity=15135.79
closed paper trade buy pnl=4.1945 equity=15139.99
closed paper trade sell pnl=3.4118 equity=15143.40
closed paper trade sell pnl=3.3698 equity=15146.77
closed paper trade buy pnl=2.8886 equity=15149.66
closed paper trade sell pnl=3.8547 equity=15153.51
closed paper trade sell pnl=3.9513 equity=15157.46
closed paper trade buy pnl=3.0688 equity=15160.53
closed paper trade sell pnl=1.8981 equity=15162.43
closed paper trade sell pnl=3.1304 equity=15165.56
closed paper trade sell pnl=4.2939 equity=15169.85
closed paper trade sell pnl=3.8407 equity=15173.69
closed paper trade sell pnl=3.3771 equity=15177.07
closed paper trade sell pnl=2.5761 equity=15179.65
closed paper trade sell pnl=3.0432 equity=15182.69
closed paper trade buy pnl=3.3581 equity=15186.05
closed paper trade sell pnl=4.8111 equity=15190.86
closed paper trade sell pnl=2.4522 equity=15193.31
closed paper trade sell pnl=3.7890 equity=15197.10
closed paper trade buy pnl=2.6055 equity=15199.71
closed paper trade buy pnl=4.5427 equity=15204.25
closed paper trade buy pnl=4.1286 equity=15208.38
closed paper trade sell pnl=4.0264 equity=15212.41
closed paper trade buy pnl=3.4411 equity=15215.85
closed paper trade buy pnl=2.9440 equity=15218.79
closed paper trade buy pnl=5.5593 equity=15224.35
closed paper trade buy pnl=2.7653 equity=15227.11
closed paper trade buy pnl=4.4762 equity=15231.59
closed paper trade sell pnl=2.1502 equity=15233.74
closed paper trade buy pnl=4.5955 equity=15238.34
closed paper trade sell pnl=6.9806 equity=15245.32
closed paper trade sell pnl=3.8548 equity=15249.17
closed paper trade buy pnl=1.4053 equity=15250.58
closed paper trade buy pnl=3.7000 equity=15254.28
closed paper trade sell pnl=8.2139 equity=15262.49
closed paper trade sell pnl=4.3907 equity=15266.88
closed paper trade sell pnl=4.7724 equity=15271.65
closed paper trade buy pnl=5.1347 equity=15276.79
closed paper trade sell pnl=6.8285 equity=15283.62
closed paper trade buy pnl=7.4700 equity=15291.09
closed paper trade buy pnl=3.4521 equity=15294.54
closed paper trade buy pnl=5.6577 equity=15300.20
closed paper trade sell pnl=7.6410 equity=15307.84
closed paper trade sell pnl=3.1392 equity=15310.98
closed paper trade sell pnl=4.7317 equity=15315.71
closed paper trade buy pnl=5.1060 equity=15320.82
closed paper trade sell pnl=2.8905 equity=15323.71
closed paper trade buy pnl=4.6615 equity=15328.37
closed paper trade sell pnl=4.5339 equity=15332.90
closed paper trade sell pnl=4.3684 equity=15337.27
closed paper trade sell pnl=3.1077 equity=15340.38
closed paper trade sell pnl=3.1524 equity=15343.53
closed paper trade sell pnl=6.9917 equity=15350.52
closed paper trade buy pnl=6.4518 equity=15356.97
closed paper trade buy pnl=5.2128 equity=15362.19
closed paper trade sell pnl=3.6891 equity=15365.87
closed paper trade sell pnl=4.2191 equity=15370.09
closed paper trade sell pnl=2.8336 equity=15372.93
closed paper trade sell pnl=3.2755 equity=15376.20
closed paper trade buy pnl=3.5767 equity=15379.78
closed paper trade buy pnl=3.6513 equity=15383.43
closed paper trade buy pnl=3.5328 equity=15386.96
closed paper trade sell pnl=4.0142 equity=15390.98
closed paper trade sell pnl=1.9773 equity=15392.96
closed paper trade sell pnl=4.3242 equity=15397.28
closed paper trade sell pnl=4.1295 equity=15401.41
closed paper trade sell pnl=6.4239 equity=15407.83
closed paper trade buy pnl=4.2845 equity=15412.12
closed paper trade sell pnl=2.9970 equity=15415.11
closed paper trade buy pnl=4.4451 equity=15419.56
closed paper trade sell pnl=-0.2901 equity=15419.27
closed paper trade sell pnl=3.7282 equity=15423.00
closed paper trade sell pnl=4.0661 equity=15427.06
closed paper trade sell pnl=3.5440 equity=15430.61
closed paper trade buy pnl=4.0944 equity=15434.70
closed paper trade buy pnl=3.2404 equity=15437.94
closed paper trade sell pnl=2.6881 equity=15440.63
closed paper trade buy pnl=3.4447 equity=15444.08
closed paper trade buy pnl=3.4943 equity=15447.57
closed paper trade buy pnl=4.7286 equity=15452.30
closed paper trade buy pnl=2.2807 equity=15454.58
closed paper trade buy pnl=3.2141 equity=15457.79
closed paper trade sell pnl=4.9382 equity=15462.73
closed paper trade buy pnl=4.5852 equity=15467.32
closed paper trade buy pnl=5.2686 equity=15472.58
closed paper trade buy pnl=4.1121 equity=15476.70
closed paper trade buy pnl=4.3823 equity=15481.08
closed paper trade sell pnl=1.3445 equity=15482.42
closed paper trade buy pnl=3.0470 equity=15485.47
closed paper trade sell pnl=4.2873 equity=15489.76
closed paper trade sell pnl=4.8380 equity=15494.60
closed paper trade buy pnl=3.6881 equity=15498.28
closed paper trade sell pnl=1.5365 equity=15499.82
closed paper trade sell pnl=3.7371 equity=15503.56
closed paper trade buy pnl=4.6394 equity=15508.20
closed paper trade buy pnl=3.5619 equity=15511.76
closed paper trade sell pnl=2.9750 equity=15514.73
closed paper trade sell pnl=6.2902 equity=15521.02
closed paper trade sell pnl=3.8956 equity=15524.92
closed paper trade sell pnl=2.1623 equity=15527.08
closed paper trade sell pnl=4.3814 equity=15531.46
closed paper trade buy pnl=2.9635 equity=15534.43
closed paper trade sell pnl=3.6515 equity=15538.08
closed paper trade sell pnl=3.9493 equity=15542.03
closed paper trade buy pnl=4.2546 equity=15546.28
closed paper trade buy pnl=3.5866 equity=15549.87
closed paper trade sell pnl=4.3240 equity=15554.19
closed paper trade sell pnl=4.2765 equity=15558.47
closed paper trade sell pnl=6.7526 equity=15565.22
closed paper trade buy pnl=5.9555 equity=15571.18
closed paper trade buy pnl=2.9417 equity=15574.12
closed paper trade sell pnl=3.1337 equity=15577.25
closed paper trade sell pnl=4.0546 equity=15581.31
closed paper trade buy pnl=3.9250 equity=15585.23
closed paper trade sell pnl=3.2930 equity=15588.53
closed paper trade sell pnl=2.9449 equity=15591.47
closed paper trade buy pnl=3.5908 equity=15595.06
closed paper trade sell pnl=4.0285 equity=15599.09
closed paper trade sell pnl=3.3786 equity=15602.47
closed paper trade sell pnl=6.5958 equity=15609.06
closed paper trade buy pnl=3.8314 equity=15612.90
closed paper trade sell pnl=3.1113 equity=15616.01
closed paper trade buy pnl=1.8723 equity=15617.88
closed paper trade sell pnl=2.9034 equity=15620.78
closed paper trade buy pnl=4.0910 equity=15624.87
closed paper trade buy pnl=2.1207 equity=15626.99
closed paper trade sell pnl=3.4686 equity=15630.46
closed paper trade sell pnl=5.4235 equity=15635.89
closed paper trade buy pnl=3.5600 equity=15639.45
closed paper trade sell pnl=5.5065 equity=15644.95
closed paper trade buy pnl=4.7750 equity=15649.73
closed paper trade sell pnl=4.5082 equity=15654.24
closed paper trade sell pnl=3.1233 equity=15657.36
closed paper trade sell pnl=1.2550 equity=15658.61
closed paper trade buy pnl=4.7047 equity=15663.32
closed paper trade buy pnl=3.4775 equity=15666.80
closed paper trade buy pnl=3.0086 equity=15669.80
closed paper trade buy pnl=4.9305 equity=15674.74
closed paper trade sell pnl=4.1836 equity=15678.92
closed paper trade buy pnl=3.2483 equity=15682.17
closed paper trade sell pnl=2.0441 equity=15684.21
closed paper trade buy pnl=3.7132 equity=15687.92
closed paper trade buy pnl=5.0350 equity=15692.96
closed paper trade sell pnl=3.3781 equity=15696.34
closed paper trade buy pnl=3.8126 equity=15700.15
closed paper trade sell pnl=5.6326 equity=15705.78
closed paper trade sell pnl=2.1560 equity=15707.94
closed paper trade sell pnl=1.5664 equity=15709.51
closed paper trade sell pnl=3.5802 equity=15713.09
Booting hermes-trading worker | asset=ETH/USDT:USDT | mode=paper | strategy=v02
closed paper trade sell pnl=2.3013 equity=10002.30
closed paper trade buy pnl=3.2981 equity=10005.60
closed paper trade buy pnl=2.6467 equity=10008.25
closed paper trade buy pnl=2.4887 equity=10010.73
closed paper trade buy pnl=2.2688 equity=10013.00
closed paper trade buy pnl=2.3018 equity=10015.31
closed paper trade buy pnl=2.6722 equity=10017.98
closed paper trade sell pnl=1.9007 equity=10019.88
closed paper trade buy pnl=3.1168 equity=10023.00
closed paper trade buy pnl=2.5022 equity=10025.50
closed paper trade sell pnl=2.5675 equity=10028.06
closed paper trade buy pnl=2.3513 equity=10030.42
closed paper trade sell pnl=2.4310 equity=10032.85
closed paper trade buy pnl=2.6472 equity=10035.49
closed paper trade buy pnl=2.6738 equity=10038.17
closed paper trade sell pnl=2.9085 equity=10041.08
closed paper trade sell pnl=1.9477 equity=10043.02
closed paper trade sell pnl=2.6268 equity=10045.65
closed paper trade buy pnl=2.5889 equity=10048.24
closed paper trade buy pnl=4.6780 equity=10052.92
closed paper trade buy pnl=2.1508 equity=10055.07
closed paper trade buy pnl=1.7238 equity=10056.79
closed paper trade sell pnl=1.9331 equity=10058.73
closed paper trade buy pnl=2.0667 equity=10060.79
closed paper trade sell pnl=2.1940 equity=10062.99
closed paper trade buy pnl=2.3918 equity=10065.38
closed paper trade buy pnl=2.2523 equity=10067.63
closed paper trade sell pnl=2.2884 equity=10069.92
closed paper trade sell pnl=2.0182 equity=10071.94
closed paper trade sell pnl=2.3861 equity=10074.32
closed paper trade buy pnl=2.2153 equity=10076.54
closed paper trade sell pnl=2.0359 equity=10078.57
closed paper trade buy pnl=1.9097 equity=10080.48
closed paper trade buy pnl=2.6993 equity=10083.18
closed paper trade buy pnl=2.2985 equity=10085.48
closed paper trade buy pnl=2.6810 equity=10088.16
closed paper trade sell pnl=3.4945 equity=10091.66
closed paper trade sell pnl=2.1186 equity=10093.78
closed paper trade sell pnl=2.7826 equity=10096.56
closed paper trade buy pnl=2.5924 equity=10099.15
closed paper trade sell pnl=2.7550 equity=10101.91
closed paper trade buy pnl=3.5546 equity=10105.46
closed paper trade buy pnl=4.1961 equity=10109.66
closed paper trade buy pnl=1.8037 equity=10111.46
closed paper trade sell pnl=2.3147 equity=10113.78
closed paper trade buy pnl=2.1462 equity=10115.92
closed paper trade buy pnl=2.5711 equity=10118.49
closed paper trade sell pnl=2.4265 equity=10120.92
closed paper trade buy pnl=2.3798 equity=10123.30
closed paper trade sell pnl=1.8397 equity=10125.14
closed paper trade sell pnl=2.9061 equity=10128.04
closed paper trade sell pnl=2.7681 equity=10130.81
closed paper trade buy pnl=3.7341 equity=10134.55
closed paper trade buy pnl=2.3572 equity=10136.90
closed paper trade sell pnl=2.0274 equity=10138.93
closed paper trade buy pnl=1.8730 equity=10140.80
closed paper trade sell pnl=2.3091 equity=10143.11
closed paper trade buy pnl=2.5126 equity=10145.63
closed paper trade buy pnl=2.5394 equity=10148.17
closed paper trade buy pnl=2.4746 equity=10150.64
closed paper trade sell pnl=3.1044 equity=10153.74
closed paper trade sell pnl=2.3506 equity=10156.10
closed paper trade sell pnl=2.9617 equity=10159.06
closed paper trade sell pnl=1.6938 equity=10160.75
closed paper trade sell pnl=2.1019 equity=10162.85
closed paper trade buy pnl=1.5028 equity=10164.36
closed paper trade sell pnl=2.9670 equity=10167.32
closed paper trade sell pnl=1.8119 equity=10169.13
closed paper trade buy pnl=3.0120 equity=10172.15
closed paper trade sell pnl=2.0418 equity=10174.19
closed paper trade sell pnl=2.8724 equity=10177.06
closed paper trade buy pnl=3.5192 equity=10180.58
closed paper trade sell pnl=2.2078 equity=10182.79
closed paper trade buy pnl=2.2107 equity=10185.00
Booting hermes-trading worker | asset=ETH/USDT:USDT | mode=paper | strategy=v02
closed paper trade sell pnl=2.3024 equity=10002.30
closed paper trade sell pnl=4.5363 equity=10006.84
closed paper trade sell pnl=2.5228 equity=10009.36
closed paper trade sell pnl=1.9748 equity=10011.34
closed paper trade buy pnl=2.4506 equity=10013.79
closed paper trade sell pnl=1.9264 equity=10015.71
closed paper trade sell pnl=2.4122 equity=10018.13
closed paper trade buy pnl=1.6111 equity=10019.74
closed paper trade sell pnl=2.3118 equity=10022.05
closed paper trade buy pnl=2.6574 equity=10024.71
closed paper trade sell pnl=2.2701 equity=10026.98
closed paper trade buy pnl=3.2777 equity=10030.25
closed paper trade buy pnl=2.4955 equity=10032.75
closed paper trade sell pnl=2.7892 equity=10035.54
closed paper trade buy pnl=2.7192 equity=10038.26
closed paper trade sell pnl=2.9100 equity=10041.17
closed paper trade buy pnl=2.1390 equity=10043.31
closed paper trade buy pnl=1.4417 equity=10044.75
closed paper trade sell pnl=3.6373 equity=10048.39
closed paper trade buy pnl=2.7267 equity=10051.11
closed paper trade sell pnl=3.3788 equity=10054.49
closed paper trade sell pnl=2.2518 equity=10056.74
closed paper trade sell pnl=2.8220 equity=10059.56
closed paper trade sell pnl=2.3513 equity=10061.92
closed paper trade sell pnl=2.7522 equity=10064.67
closed paper trade sell pnl=2.4821 equity=10067.15
closed paper trade buy pnl=1.9235 equity=10069.07
closed paper trade sell pnl=2.1971 equity=10071.27
closed paper trade sell pnl=2.4961 equity=10073.77
closed paper trade sell pnl=2.9708 equity=10076.74
closed paper trade sell pnl=2.2418 equity=10078.98
closed paper trade sell pnl=2.2611 equity=10081.24
closed paper trade buy pnl=2.6666 equity=10083.91
closed paper trade buy pnl=2.5150 equity=10086.42
closed paper trade buy pnl=1.9533 equity=10088.38
closed paper trade buy pnl=3.1230 equity=10091.50
closed paper trade buy pnl=2.5511 equity=10094.05
closed paper trade buy pnl=2.7697 equity=10096.82
closed paper trade sell pnl=2.9650 equity=10099.78
closed paper trade sell pnl=1.9858 equity=10101.77
closed paper trade buy pnl=2.0881 equity=10103.86
closed paper trade sell pnl=3.4134 equity=10107.27
closed paper trade buy pnl=1.5979 equity=10108.87
closed paper trade sell pnl=2.4834 equity=10111.35
closed paper trade sell pnl=2.6558 equity=10114.01
closed paper trade buy pnl=2.5317 equity=10116.54
closed paper trade sell pnl=2.2390 equity=10118.78
closed paper trade buy pnl=2.6906 equity=10121.47
closed paper trade buy pnl=3.2865 equity=10124.76
closed paper trade sell pnl=2.9918 equity=10127.75
closed paper trade buy pnl=3.9882 equity=10131.74
closed paper trade sell pnl=2.9283 equity=10134.67
closed paper trade sell pnl=3.6092 equity=10138.27
closed paper trade sell pnl=2.7689 equity=10141.04
closed paper trade sell pnl=2.4478 equity=10143.49
closed paper trade sell pnl=2.1235 equity=10145.61
closed paper trade buy pnl=2.3158 equity=10147.93
closed paper trade sell pnl=2.4275 equity=10150.36
closed paper trade sell pnl=1.7200 equity=10152.08
closed paper trade sell pnl=2.6657 equity=10154.74
closed paper trade sell pnl=3.1998 equity=10157.94
closed paper trade buy pnl=2.5080 equity=10160.45
closed paper trade sell pnl=2.6213 equity=10163.07
closed paper trade sell pnl=1.6733 equity=10164.75
closed paper trade buy pnl=2.1595 equity=10166.91
closed paper trade sell pnl=2.4790 equity=10169.38
closed paper trade sell pnl=2.1197 equity=10171.50
closed paper trade buy pnl=1.9372 equity=10173.44
closed paper trade buy pnl=2.7141 equity=10176.16
closed paper trade sell pnl=2.7034 equity=10178.86
closed paper trade buy pnl=4.2650 equity=10183.12
closed paper trade sell pnl=2.2001 equity=10185.32
closed paper trade buy pnl=3.1996 equity=10188.52
closed paper trade buy pnl=4.2230 equity=10192.75
closed paper trade sell pnl=1.7005 equity=10194.45
closed paper trade buy pnl=2.1644 equity=10196.61
closed paper trade buy pnl=2.5178 equity=10199.13
closed paper trade buy pnl=2.0767 equity=10201.21
closed paper trade sell pnl=2.9065 equity=10204.11
closed paper trade sell pnl=1.7343 equity=10205.85
closed paper trade buy pnl=3.1135 equity=10208.96
closed paper trade buy pnl=2.5430 equity=10211.50
closed paper trade buy pnl=2.1392 equity=10213.64
closed paper trade buy pnl=4.1143 equity=10217.76
Booting hermes-trading worker | asset=ETH/USDT:USDT | mode=paper | strategy=v02
closed paper trade buy pnl=3.0552 equity=10003.06
closed paper trade sell pnl=3.0932 equity=10006.15
closed paper trade sell pnl=2.3971 equity=10008.55
closed paper trade sell pnl=2.6291 equity=10011.17
closed paper trade buy pnl=2.5154 equity=10013.69
closed paper trade buy pnl=-0.0574 equity=10013.63
closed paper trade sell pnl=2.2161 equity=10015.85
closed paper trade sell pnl=2.3331 equity=10018.18
closed paper trade sell pnl=2.9105 equity=10021.09
closed paper trade buy pnl=1.4070 equity=10022.50
closed paper trade buy pnl=2.5001 equity=10025.00
closed paper trade sell pnl=2.1523 equity=10027.15
closed paper trade sell pnl=2.6710 equity=10029.82
closed paper trade sell pnl=3.5229 equity=10033.35
closed paper trade buy pnl=2.8827 equity=10036.23
closed paper trade sell pnl=2.3309 equity=10038.56
closed paper trade buy pnl=1.7461 equity=10040.31
closed paper trade buy pnl=3.6451 equity=10043.95
closed paper trade buy pnl=2.1043 equity=10046.05
closed paper trade buy pnl=1.7726 equity=10047.83
closed paper trade sell pnl=3.6933 equity=10051.52
closed paper trade sell pnl=2.0799 equity=10053.60
closed paper trade sell pnl=2.0440 equity=10055.64
closed paper trade sell pnl=3.2097 equity=10058.85
closed paper trade sell pnl=2.1202 equity=10060.97
closed paper trade sell pnl=3.4020 equity=10064.38
closed paper trade buy pnl=2.5562 equity=10066.93
closed paper trade sell pnl=2.7253 equity=10069.66
closed paper trade sell pnl=3.3004 equity=10072.96
closed paper trade sell pnl=1.7326 equity=10074.69
closed paper trade sell pnl=2.3449 equity=10077.04
closed paper trade buy pnl=3.0361 equity=10080.07
closed paper trade sell pnl=1.9909 equity=10082.06
closed paper trade buy pnl=2.1345 equity=10084.20
closed paper trade buy pnl=3.2947 equity=10087.49
closed paper trade buy pnl=2.4796 equity=10089.97
closed paper trade sell pnl=1.5383 equity=10091.51
closed paper trade sell pnl=1.4847 equity=10092.99
closed paper trade buy pnl=2.3437 equity=10095.34
closed paper trade sell pnl=2.7166 equity=10098.06
closed paper trade sell pnl=0.3136 equity=10098.37
closed paper trade sell pnl=2.3041 equity=10100.67
closed paper trade buy pnl=1.7317 equity=10102.40
closed paper trade buy pnl=2.4257 equity=10104.83
closed paper trade sell pnl=2.2872 equity=10107.12
closed paper trade buy pnl=2.0118 equity=10109.13
closed paper trade sell pnl=2.4663 equity=10111.60
closed paper trade buy pnl=2.2596 equity=10113.86
closed paper trade sell pnl=2.4766 equity=10116.33
closed paper trade buy pnl=2.3494 equity=10118.68
closed paper trade sell pnl=2.1812 equity=10120.86
closed paper trade buy pnl=2.6376 equity=10123.50
closed paper trade buy pnl=2.4612 equity=10125.96
closed paper trade buy pnl=1.7775 equity=10127.74
closed paper trade sell pnl=2.2770 equity=10130.02
closed paper trade sell pnl=2.2105 equity=10132.23
closed paper trade sell pnl=2.1359 equity=10134.36
closed paper trade sell pnl=2.3458 equity=10136.71
closed paper trade buy pnl=1.5462 equity=10138.25
closed paper trade buy pnl=2.4251 equity=10140.68
closed paper trade buy pnl=2.8593 equity=10143.54
closed paper trade buy pnl=3.2559 equity=10146.79
closed paper trade buy pnl=1.8220 equity=10148.62
closed paper trade buy pnl=2.7327 equity=10151.35
closed paper trade buy pnl=2.4927 equity=10153.84
closed paper trade buy pnl=1.4670 equity=10155.31
closed paper trade buy pnl=3.4090 equity=10158.72
closed paper trade sell pnl=3.3654 equity=10162.08
closed paper trade sell pnl=2.7273 equity=10164.81
closed paper trade sell pnl=3.8960 equity=10168.71
closed paper trade sell pnl=2.4325 equity=10171.14
closed paper trade buy pnl=2.2030 equity=10173.34
closed paper trade sell pnl=2.2509 equity=10175.59
closed paper trade buy pnl=2.5720 equity=10178.16
closed paper trade sell pnl=2.3313 equity=10180.50
closed paper trade buy pnl=3.1164 equity=10183.61
closed paper trade buy pnl=2.7952 equity=10186.41
closed paper trade sell pnl=2.8383 equity=10189.25
closed paper trade sell pnl=2.1293 equity=10191.38
closed paper trade buy pnl=2.2530 equity=10193.63
closed paper trade buy pnl=1.5999 equity=10195.23
closed paper trade sell pnl=2.7194 equity=10197.95
closed paper trade buy pnl=3.1303 equity=10201.08
closed paper trade sell pnl=2.0339 equity=10203.11
closed paper trade buy pnl=2.7396 equity=10205.85
closed paper trade sell pnl=1.4488 equity=10207.30
closed paper trade buy pnl=3.9069 equity=10211.21
closed paper trade sell pnl=3.7961 equity=10215.00
closed paper trade sell pnl=2.3117 equity=10217.31
closed paper trade buy pnl=2.8885 equity=10220.20
closed paper trade buy pnl=1.5602 equity=10221.76
closed paper trade buy pnl=3.9157 equity=10225.68
closed paper trade buy pnl=3.6647 equity=10229.34
closed paper trade buy pnl=2.7647 equity=10232.11
closed paper trade sell pnl=1.7415 equity=10233.85
closed paper trade buy pnl=2.9938 equity=10236.84
closed paper trade sell pnl=2.3757 equity=10239.22
closed paper trade sell pnl=3.8730 equity=10243.09
closed paper trade buy pnl=2.2408 equity=10245.33
closed paper trade buy pnl=2.7470 equity=10248.08
closed paper trade sell pnl=2.9491 equity=10251.03
closed paper trade buy pnl=2.7793 equity=10253.81
closed paper trade buy pnl=1.9589 equity=10255.77
closed paper trade sell pnl=2.3184 equity=10258.09
closed paper trade sell pnl=2.6375 equity=10260.72
closed paper trade buy pnl=2.1754 equity=10262.90
closed paper trade buy pnl=2.5353 equity=10265.43
closed paper trade buy pnl=5.0300 equity=10270.46
closed paper trade buy pnl=2.9021 equity=10273.37
closed paper trade buy pnl=2.9244 equity=10276.29
closed paper trade sell pnl=3.4129 equity=10279.70
closed paper trade buy pnl=2.6478 equity=10282.35
closed paper trade sell pnl=1.9112 equity=10284.26
closed paper trade buy pnl=2.4510 equity=10286.71
closed paper trade sell pnl=3.5329 equity=10290.25
closed paper trade sell pnl=2.2803 equity=10292.53
closed paper trade sell pnl=2.4010 equity=10294.93
closed paper trade sell pnl=0.4650 equity=10295.39
closed paper trade buy pnl=4.6979 equity=10300.09
closed paper trade buy pnl=3.0156 equity=10303.11
closed paper trade sell pnl=1.4390 equity=10304.55
closed paper trade buy pnl=2.1570 equity=10306.70
closed paper trade buy pnl=3.6853 equity=10310.39
closed paper trade buy pnl=2.8695 equity=10313.26
closed paper trade sell pnl=4.7823 equity=10318.04
closed paper trade buy pnl=2.8821 equity=10320.92
closed paper trade buy pnl=2.4885 equity=10323.41
closed paper trade buy pnl=2.3194 equity=10325.73
closed paper trade sell pnl=3.4501 equity=10329.18
closed paper trade buy pnl=0.4151 equity=10329.59
closed paper trade sell pnl=2.2225 equity=10331.82
closed paper trade buy pnl=3.4443 equity=10335.26
closed paper trade buy pnl=1.9113 equity=10337.17
closed paper trade sell pnl=0.6882 equity=10337.86
closed paper trade sell pnl=3.4894 equity=10341.35
closed paper trade buy pnl=4.6657 equity=10346.02
closed paper trade buy pnl=4.4171 equity=10350.43
closed paper trade buy pnl=1.9173 equity=10352.35
closed paper trade sell pnl=2.6788 equity=10355.03
closed paper trade sell pnl=2.3599 equity=10357.39
closed paper trade buy pnl=1.7572 equity=10359.15
closed paper trade sell pnl=2.7080 equity=10361.85
closed paper trade buy pnl=2.8127 equity=10364.67
closed paper trade buy pnl=1.3629 equity=10366.03
closed paper trade sell pnl=1.4410 equity=10367.47
closed paper trade sell pnl=2.6857 equity=10370.16
closed paper trade buy pnl=1.8547 equity=10372.01
closed paper trade sell pnl=2.7757 equity=10374.79
closed paper trade sell pnl=3.3591 equity=10378.15
closed paper trade sell pnl=-0.4430 equity=10377.70
closed paper trade buy pnl=2.0914 equity=10379.79
closed paper trade sell pnl=2.7016 equity=10382.50
closed paper trade buy pnl=1.4821 equity=10383.98
closed paper trade sell pnl=0.2156 equity=10384.19
closed paper trade buy pnl=2.1256 equity=10386.32
closed paper trade sell pnl=1.9411 equity=10388.26
closed paper trade sell pnl=3.4758 equity=10391.74
closed paper trade sell pnl=1.7930 equity=10393.53
closed paper trade sell pnl=3.2465 equity=10396.78
closed paper trade sell pnl=2.4295 equity=10399.21
closed paper trade buy pnl=3.0040 equity=10402.21
closed paper trade sell pnl=2.6183 equity=10404.83
closed paper trade buy pnl=2.9497 equity=10407.78
closed paper trade sell pnl=2.6535 equity=10410.43
closed paper trade buy pnl=2.6684 equity=10413.10
closed paper trade sell pnl=2.0371 equity=10415.14
closed paper trade sell pnl=3.0245 equity=10418.16
closed paper trade sell pnl=2.6439 equity=10420.81
closed paper trade sell pnl=3.6771 equity=10424.48
closed paper trade buy pnl=2.7000 equity=10427.18
closed paper trade buy pnl=3.9373 equity=10431.12
closed paper trade sell pnl=1.7969 equity=10432.92
closed paper trade sell pnl=2.4422 equity=10435.36
closed paper trade sell pnl=1.8914 equity=10437.25
closed paper trade buy pnl=1.5968 equity=10438.85
closed paper trade buy pnl=3.7910 equity=10442.64
closed paper trade buy pnl=2.6794 equity=10445.32
closed paper trade buy pnl=1.5163 equity=10446.83
closed paper trade buy pnl=2.3706 equity=10449.20
closed paper trade sell pnl=2.7313 equity=10451.94
closed paper trade sell pnl=0.3251 equity=10452.26
closed paper trade buy pnl=1.1541 equity=10453.41
closed paper trade buy pnl=2.0606 equity=10455.48
closed paper trade sell pnl=2.0622 equity=10457.54
closed paper trade sell pnl=3.3316 equity=10460.87
closed paper trade sell pnl=1.6529 equity=10462.52
closed paper trade buy pnl=3.1931 equity=10465.72
closed paper trade buy pnl=3.5932 equity=10469.31
closed paper trade sell pnl=2.2119 equity=10471.52
closed paper trade buy pnl=2.5012 equity=10474.02
closed paper trade buy pnl=2.1790 equity=10476.20
closed paper trade buy pnl=1.7877 equity=10477.99
closed paper trade buy pnl=2.6358 equity=10480.62
closed paper trade buy pnl=2.8856 equity=10483.51
closed paper trade sell pnl=1.7221 equity=10485.23
closed paper trade buy pnl=1.6614 equity=10486.89
closed paper trade sell pnl=2.4790 equity=10489.37
closed paper trade buy pnl=1.8652 equity=10491.24
closed paper trade buy pnl=1.4340 equity=10492.67
closed paper trade buy pnl=1.8601 equity=10494.53
closed paper trade buy pnl=3.0983 equity=10497.63
closed paper trade buy pnl=1.9915 equity=10499.62
closed paper trade buy pnl=2.4495 equity=10502.07
closed paper trade sell pnl=2.6000 equity=10504.67
closed paper trade buy pnl=3.4573 equity=10508.13
closed paper trade buy pnl=3.1432 equity=10511.27
closed paper trade buy pnl=2.7917 equity=10514.06
closed paper trade buy pnl=2.7766 equity=10516.84
closed paper trade sell pnl=3.2340 equity=10520.07
closed paper trade buy pnl=2.4671 equity=10522.54
closed paper trade buy pnl=4.0083 equity=10526.55
closed paper trade sell pnl=2.4910 equity=10529.04
closed paper trade sell pnl=3.1882 equity=10532.23
closed paper trade buy pnl=2.8035 equity=10535.03
closed paper trade sell pnl=1.6240 equity=10536.66
closed paper trade sell pnl=2.5621 equity=10539.22
closed paper trade buy pnl=1.7608 equity=10540.98
closed paper trade sell pnl=2.9515 equity=10543.93
closed paper trade buy pnl=2.9103 equity=10546.84
closed paper trade sell pnl=2.2560 equity=10549.10
closed paper trade buy pnl=3.1821 equity=10552.28
closed paper trade buy pnl=2.6293 equity=10554.91
closed paper trade sell pnl=2.8316 equity=10557.74
closed paper trade sell pnl=2.3920 equity=10560.13
closed paper trade sell pnl=2.5549 equity=10562.69
closed paper trade sell pnl=1.5916 equity=10564.28
closed paper trade buy pnl=3.1213 equity=10567.40
closed paper trade buy pnl=2.6614 equity=10570.06
closed paper trade buy pnl=3.5357 equity=10573.60
closed paper trade sell pnl=3.3577 equity=10576.95
closed paper trade buy pnl=3.0938 equity=10580.05
closed paper trade buy pnl=2.0367 equity=10582.08
closed paper trade buy pnl=3.5218 equity=10585.61
closed paper trade buy pnl=2.4768 equity=10588.08
closed paper trade buy pnl=3.2921 equity=10591.37
closed paper trade buy pnl=2.6832 equity=10594.06
closed paper trade buy pnl=2.1668 equity=10596.23
closed paper trade buy pnl=2.0879 equity=10598.31
closed paper trade buy pnl=3.0480 equity=10601.36
closed paper trade sell pnl=3.1182 equity=10604.48
closed paper trade sell pnl=3.1661 equity=10607.65
closed paper trade buy pnl=2.4439 equity=10610.09
closed paper trade sell pnl=2.5610 equity=10612.65
closed paper trade buy pnl=2.7805 equity=10615.43
closed paper trade buy pnl=3.3160 equity=10618.75
closed paper trade sell pnl=2.7356 equity=10621.48
closed paper trade buy pnl=2.6592 equity=10624.14
closed paper trade sell pnl=3.3312 equity=10627.47
closed paper trade buy pnl=2.8705 equity=10630.34
closed paper trade buy pnl=1.0084 equity=10631.35
closed paper trade buy pnl=3.7707 equity=10635.12
closed paper trade sell pnl=3.2256 equity=10638.35
closed paper trade sell pnl=2.2568 equity=10640.60
closed paper trade sell pnl=2.9766 equity=10643.58
closed paper trade buy pnl=3.5562 equity=10647.14
closed paper trade buy pnl=5.2374 equity=10652.37
^CBooting hermes-trading worker | asset=ETH/USDT:USDT | mode=paper | strategy=v02
closed paper trade sell pnl=2.6424 equity=10002.64
closed paper trade sell pnl=2.8012 equity=10005.44
closed paper trade sell pnl=2.7068 equity=10008.15
closed paper trade sell pnl=2.8030 equity=10010.95
closed paper trade sell pnl=2.7951 equity=10013.75
closed paper trade sell pnl=2.4611 equity=10016.21
closed paper trade sell pnl=-3.6052 equity=10012.60
closed paper trade sell pnl=3.2567 equity=10015.86
closed paper trade buy pnl=2.0119 equity=10017.87
closed paper trade buy pnl=4.3753 equity=10022.25
closed paper trade sell pnl=2.2686 equity=10024.52
closed paper trade sell pnl=3.3472 equity=10027.86
closed paper trade buy pnl=3.1895 equity=10031.05
closed paper trade buy pnl=1.2981 equity=10032.35
closed paper trade sell pnl=2.2077 equity=10034.56
closed paper trade buy pnl=4.2598 equity=10038.82
closed paper trade sell pnl=2.7927 equity=10041.61
closed paper trade buy pnl=2.7862 equity=10044.40
closed paper trade sell pnl=2.6081 equity=10047.01
closed paper trade sell pnl=2.6207 equity=10049.63
closed paper trade buy pnl=2.4891 equity=10052.12
closed paper trade sell pnl=2.0951 equity=10054.21
closed paper trade sell pnl=1.8887 equity=10056.10
closed paper trade buy pnl=1.9538 equity=10058.05
closed paper trade sell pnl=2.1853 equity=10060.24
closed paper trade buy pnl=2.3214 equity=10062.56
closed paper trade sell pnl=2.4528 equity=10065.01
closed paper trade sell pnl=1.9671 equity=10066.98
closed paper trade buy pnl=2.5983 equity=10069.58
closed paper trade sell pnl=2.5791 equity=10072.16
closed paper trade sell pnl=2.3006 equity=10074.46
closed paper trade sell pnl=2.3103 equity=10076.77
closed paper trade sell pnl=2.0583 equity=10078.83
closed paper trade sell pnl=2.8427 equity=10081.67
closed paper trade buy pnl=3.2446 equity=10084.91
closed paper trade buy pnl=2.7047 equity=10087.62
closed paper trade sell pnl=3.3801 equity=10091.00
closed paper trade sell pnl=2.3618 equity=10093.36
closed paper trade sell pnl=3.5054 equity=10096.87
closed paper trade buy pnl=2.7352 equity=10099.60
closed paper trade sell pnl=2.3069 equity=10101.91
closed paper trade buy pnl=2.5683 equity=10104.48
closed paper trade buy pnl=2.6865 equity=10107.16
closed paper trade buy pnl=3.3262 equity=10110.49
closed paper trade buy pnl=2.4621 equity=10112.95
closed paper trade buy pnl=3.1068 equity=10116.06
closed paper trade buy pnl=1.2063 equity=10117.26
closed paper trade sell pnl=2.5078 equity=10119.77
closed paper trade buy pnl=2.1449 equity=10121.92
closed paper trade sell pnl=5.6457 equity=10127.56
closed paper trade buy pnl=3.3700 equity=10130.93
closed paper trade sell pnl=2.1508 equity=10133.08
closed paper trade buy pnl=2.5612 equity=10135.64
closed paper trade sell pnl=2.7253 equity=10138.37
closed paper trade sell pnl=2.6511 equity=10141.02
closed paper trade sell pnl=2.1830 equity=10143.20
closed paper trade sell pnl=2.2556 equity=10145.46
closed paper trade sell pnl=2.8183 equity=10148.28
closed paper trade sell pnl=2.3620 equity=10150.64
closed paper trade buy pnl=2.1738 equity=10152.81
closed paper trade buy pnl=2.9735 equity=10155.79
closed paper trade buy pnl=2.0117 equity=10157.80
closed paper trade buy pnl=3.5477 equity=10161.35
closed paper trade sell pnl=2.6877 equity=10164.03
closed paper trade sell pnl=2.3199 equity=10166.35
closed paper trade buy pnl=2.7465 equity=10169.10
closed paper trade sell pnl=2.6262 equity=10171.73
closed paper trade buy pnl=2.3237 equity=10174.05
closed paper trade buy pnl=2.4373 equity=10176.49
closed paper trade sell pnl=2.1325 equity=10178.62
closed paper trade sell pnl=1.8608 equity=10180.48
closed paper trade buy pnl=3.2295 equity=10183.71
closed paper trade buy pnl=1.9517 equity=10185.66
closed paper trade buy pnl=2.7730 equity=10188.44
closed paper trade buy pnl=2.0466 equity=10190.48
closed paper trade buy pnl=2.6124 equity=10193.09
closed paper trade sell pnl=2.3144 equity=10195.41
closed paper trade sell pnl=3.4355 equity=10198.84
closed paper trade sell pnl=2.6765 equity=10201.52
closed paper trade buy pnl=3.0254 equity=10204.55
closed paper trade buy pnl=2.7596 equity=10207.31
closed paper trade buy pnl=2.5494 equity=10209.86
closed paper trade sell pnl=3.7305 equity=10213.59
closed paper trade sell pnl=2.7386 equity=10216.32
closed paper trade buy pnl=2.7734 equity=10219.10
closed paper trade sell pnl=2.1363 equity=10221.23
closed paper trade buy pnl=3.1780 equity=10224.41
closed paper trade sell pnl=2.1714 equity=10226.58
closed paper trade sell pnl=2.4982 equity=10229.08
closed paper trade sell pnl=2.5781 equity=10231.66
closed paper trade sell pnl=2.0603 equity=10233.72
closed paper trade buy pnl=2.0053 equity=10235.73
closed paper trade buy pnl=3.1795 equity=10238.91
closed paper trade sell pnl=1.7287 equity=10240.63
closed paper trade sell pnl=2.8097 equity=10243.44
closed paper trade buy pnl=2.9373 equity=10246.38
closed paper trade sell pnl=2.2561 equity=10248.64
closed paper trade buy pnl=2.3869 equity=10251.02
closed paper trade sell pnl=2.8857 equity=10253.91
closed paper trade buy pnl=2.6103 equity=10256.52
closed paper trade sell pnl=2.3039 equity=10258.82
closed paper trade sell pnl=2.4237 equity=10261.25
closed paper trade buy pnl=2.8741 equity=10264.12
closed paper trade buy pnl=2.0614 equity=10266.18
closed paper trade buy pnl=2.0391 equity=10268.22
closed paper trade sell pnl=2.2634 equity=10270.49
closed paper trade sell pnl=2.5732 equity=10273.06
closed paper trade buy pnl=2.6430 equity=10275.70
closed paper trade buy pnl=2.5942 equity=10278.30
closed paper trade sell pnl=2.4096 equity=10280.71
closed paper trade buy pnl=2.3570 equity=10283.06
closed paper trade buy pnl=3.2508 equity=10286.31
closed paper trade sell pnl=2.9851 equity=10289.30
closed paper trade sell pnl=2.4367 equity=10291.74
closed paper trade buy pnl=2.6292 equity=10294.36
closed paper trade sell pnl=1.8735 equity=10296.24
closed paper trade sell pnl=2.6134 equity=10298.85
closed paper trade sell pnl=2.6968 equity=10301.55
closed paper trade buy pnl=2.0090 equity=10303.56
closed paper trade buy pnl=2.4216 equity=10305.98
closed paper trade sell pnl=2.9665 equity=10308.95
closed paper trade buy pnl=2.1586 equity=10311.10
closed paper trade sell pnl=2.9011 equity=10314.00
closed paper trade buy pnl=2.8758 equity=10316.88
closed paper trade buy pnl=2.2216 equity=10319.10
closed paper trade buy pnl=3.0007 equity=10322.10
closed paper trade sell pnl=3.5560 equity=10325.66
closed paper trade sell pnl=2.4920 equity=10328.15
closed paper trade sell pnl=2.3515 equity=10330.50
closed paper trade buy pnl=2.2455 equity=10332.75
closed paper trade buy pnl=2.1346 equity=10334.88
closed paper trade buy pnl=3.2863 equity=10338.17
closed paper trade buy pnl=2.3461 equity=10340.51
closed paper trade sell pnl=2.6460 equity=10343.16
closed paper trade buy pnl=2.2176 equity=10345.38
closed paper trade buy pnl=3.3564 equity=10348.73
closed paper trade buy pnl=2.3090 equity=10351.04
closed paper trade buy pnl=2.6380 equity=10353.68
closed paper trade buy pnl=1.9965 equity=10355.68
closed paper trade buy pnl=2.2262 equity=10357.90
closed paper trade buy pnl=1.3966 equity=10359.30
closed paper trade buy pnl=2.2223 equity=10361.52
closed paper trade sell pnl=2.3149 equity=10363.84
closed paper trade sell pnl=2.3216 equity=10366.16
closed paper trade sell pnl=3.3714 equity=10369.53
closed paper trade buy pnl=2.2805 equity=10371.81
closed paper trade sell pnl=1.1801 equity=10372.99
closed paper trade buy pnl=4.1168 equity=10377.11
closed paper trade buy pnl=2.3233 equity=10379.43
closed paper trade sell pnl=3.8436 equity=10383.28
closed paper trade sell pnl=3.0721 equity=10386.35
closed paper trade sell pnl=2.8608 equity=10389.21
closed paper trade sell pnl=4.8769 equity=10394.09
closed paper trade sell pnl=3.2130 equity=10397.30
closed paper trade sell pnl=2.5013 equity=10399.80
closed paper trade buy pnl=2.5208 equity=10402.32
closed paper trade buy pnl=1.1377 equity=10403.46
closed paper trade sell pnl=1.0323 equity=10404.49
closed paper trade sell pnl=3.9308 equity=10408.42
closed paper trade sell pnl=3.3994 equity=10411.82
closed paper trade sell pnl=4.4371 equity=10416.26
closed paper trade sell pnl=2.0772 equity=10418.34
closed paper trade buy pnl=3.6136 equity=10421.95
closed paper trade buy pnl=1.8047 equity=10423.75
closed paper trade sell pnl=2.2039 equity=10425.96
closed paper trade buy pnl=2.9676 equity=10428.92
closed paper trade sell pnl=1.7721 equity=10430.70
closed paper trade buy pnl=4.3689 equity=10435.07
closed paper trade buy pnl=3.0859 equity=10438.15
closed paper trade buy pnl=2.2983 equity=10440.45
closed paper trade buy pnl=2.5690 equity=10443.02
closed paper trade buy pnl=1.5071 equity=10444.53
closed paper trade sell pnl=1.3835 equity=10445.91
closed paper trade buy pnl=2.3427 equity=10448.25
closed paper trade buy pnl=3.2498 equity=10451.50
closed paper trade sell pnl=3.1232 equity=10454.63
closed paper trade buy pnl=2.8735 equity=10457.50
closed paper trade sell pnl=2.3441 equity=10459.84
closed paper trade buy pnl=1.8389 equity=10461.68
closed paper trade sell pnl=3.2770 equity=10464.96
closed paper trade buy pnl=2.6358 equity=10467.59
closed paper trade sell pnl=2.1106 equity=10469.71
closed paper trade buy pnl=4.0391 equity=10473.74
closed paper trade buy pnl=0.9869 equity=10474.73
closed paper trade sell pnl=1.8657 equity=10476.60
closed paper trade buy pnl=2.9525 equity=10479.55
closed paper trade sell pnl=2.9869 equity=10482.54
closed paper trade sell pnl=2.1279 equity=10484.66
closed paper trade sell pnl=8.4731 equity=10493.14
closed paper trade buy pnl=3.6951 equity=10496.83
closed paper trade buy pnl=2.6115 equity=10499.44
closed paper trade sell pnl=3.8982 equity=10503.34
closed paper trade sell pnl=1.6651 equity=10505.01
closed paper trade buy pnl=3.2992 equity=10508.31
closed paper trade sell pnl=2.7609 equity=10511.07
closed paper trade sell pnl=1.8801 equity=10512.95
closed paper trade buy pnl=2.6286 equity=10515.58
closed paper trade buy pnl=4.3716 equity=10519.95
closed paper trade buy pnl=2.6175 equity=10522.57
closed paper trade buy pnl=2.7082 equity=10525.27
closed paper trade buy pnl=2.8665 equity=10528.14
closed paper trade buy pnl=2.9123 equity=10531.05
closed paper trade buy pnl=3.1254 equity=10534.18
closed paper trade sell pnl=2.1555 equity=10536.33
closed paper trade buy pnl=1.9068 equity=10538.24
closed paper trade buy pnl=2.4090 equity=10540.65
closed paper trade buy pnl=3.5273 equity=10544.18
closed paper trade sell pnl=3.5508 equity=10547.73
closed paper trade sell pnl=2.8825 equity=10550.61
closed paper trade buy pnl=2.7897 equity=10553.40
closed paper trade buy pnl=3.1034 equity=10556.50
closed paper trade sell pnl=0.6778 equity=10557.18
closed paper trade buy pnl=1.7751 equity=10558.96
closed paper trade sell pnl=2.1456 equity=10561.10
closed paper trade buy pnl=3.1261 equity=10564.23
closed paper trade sell pnl=2.9430 equity=10567.17
closed paper trade buy pnl=2.0146 equity=10569.18
closed paper trade buy pnl=2.7491 equity=10571.93
closed paper trade sell pnl=1.9856 equity=10573.92
closed paper trade buy pnl=3.4231 equity=10577.34
closed paper trade sell pnl=2.6662 equity=10580.01
closed paper trade buy pnl=2.3973 equity=10582.41
closed paper trade sell pnl=2.6069 equity=10585.01
closed paper trade buy pnl=2.8564 equity=10587.87
closed paper trade sell pnl=2.5923 equity=10590.46
closed paper trade buy pnl=2.9060 equity=10593.37
closed paper trade buy pnl=1.4692 equity=10594.84
closed paper trade sell pnl=2.0637 equity=10596.90
closed paper trade sell pnl=1.8459 equity=10598.75
closed paper trade buy pnl=2.4441 equity=10601.19
closed paper trade sell pnl=2.8061 equity=10604.00
closed paper trade sell pnl=3.6209 equity=10607.62
closed paper trade buy pnl=2.9979 equity=10610.62
closed paper trade buy pnl=2.5174 equity=10613.13
closed paper trade sell pnl=2.0020 equity=10615.13
closed paper trade buy pnl=3.0344 equity=10618.17
closed paper trade sell pnl=1.9395 equity=10620.11
closed paper trade sell pnl=2.8778 equity=10622.99
closed paper trade buy pnl=2.5275 equity=10625.51
closed paper trade buy pnl=2.3701 equity=10627.88
closed paper trade buy pnl=2.8986 equity=10630.78
closed paper trade buy pnl=2.5263 equity=10633.31
closed paper trade sell pnl=2.9453 equity=10636.25
closed paper trade buy pnl=2.9695 equity=10639.22
closed paper trade buy pnl=2.1247 equity=10641.35
closed paper trade buy pnl=2.9418 equity=10644.29
closed paper trade sell pnl=1.7084 equity=10646.00
closed paper trade buy pnl=2.4848 equity=10648.48
closed paper trade sell pnl=2.7830 equity=10651.27
closed paper trade sell pnl=2.6719 equity=10653.94
closed paper trade sell pnl=2.6183 equity=10656.56
closed paper trade sell pnl=2.6413 equity=10659.20
closed paper trade sell pnl=2.4183 equity=10661.62
closed paper trade buy pnl=2.1879 equity=10663.80
closed paper trade sell pnl=2.7742 equity=10666.58
closed paper trade buy pnl=1.0999 equity=10667.68
closed paper trade buy pnl=2.6738 equity=10670.35
closed paper trade sell pnl=2.4937 equity=10672.85
closed paper trade sell pnl=2.9892 equity=10675.83
closed paper trade sell pnl=2.3854 equity=10678.22
closed paper trade sell pnl=2.4921 equity=10680.71
closed paper trade buy pnl=2.7031 equity=10683.42
closed paper trade sell pnl=2.8635 equity=10686.28
closed paper trade buy pnl=2.6036 equity=10688.88
closed paper trade buy pnl=2.9169 equity=10691.80
closed paper trade buy pnl=2.4586 equity=10694.26
closed paper trade sell pnl=3.2087 equity=10697.47
closed paper trade sell pnl=2.7321 equity=10700.20
closed paper trade buy pnl=2.1243 equity=10702.32
closed paper trade buy pnl=2.7544 equity=10705.08
closed paper trade buy pnl=2.8857 equity=10707.96
closed paper trade sell pnl=2.1722 equity=10710.14
closed paper trade sell pnl=3.1935 equity=10713.33
closed paper trade buy pnl=0.4298 equity=10713.76
closed paper trade buy pnl=3.0580 equity=10716.82
closed paper trade buy pnl=2.2190 equity=10719.04
closed paper trade sell pnl=3.3435 equity=10722.38
closed paper trade buy pnl=2.2872 equity=10724.67
closed paper trade buy pnl=2.6421 equity=10727.31
closed paper trade sell pnl=3.0882 equity=10730.40
closed paper trade buy pnl=2.3344 equity=10732.73
closed paper trade sell pnl=2.6861 equity=10735.42
closed paper trade buy pnl=2.2696 equity=10737.69
closed paper trade sell pnl=2.5046 equity=10740.19
closed paper trade sell pnl=2.8608 equity=10743.05
closed paper trade buy pnl=2.8441 equity=10745.90
closed paper trade sell pnl=3.1229 equity=10749.02
closed paper trade sell pnl=3.0331 equity=10752.05
closed paper trade sell pnl=2.7628 equity=10754.81
closed paper trade buy pnl=1.6956 equity=10756.51
closed paper trade buy pnl=3.0134 equity=10759.52
closed paper trade sell pnl=3.9304 equity=10763.45
closed paper trade sell pnl=2.7956 equity=10766.25
closed paper trade sell pnl=2.2779 equity=10768.53
closed paper trade sell pnl=2.6361 equity=10771.16
closed paper trade sell pnl=2.5581 equity=10773.72
closed paper trade buy pnl=2.5647 equity=10776.29
closed paper trade buy pnl=3.8004 equity=10780.09
closed paper trade buy pnl=2.6623 equity=10782.75
closed paper trade buy pnl=2.7688 equity=10785.52
closed paper trade buy pnl=2.9411 equity=10788.46
closed paper trade buy pnl=2.3244 equity=10790.78
closed paper trade buy pnl=2.4370 equity=10793.22
closed paper trade buy pnl=2.3944 equity=10795.62
closed paper trade buy pnl=2.5273 equity=10798.14
closed paper trade buy pnl=2.8948 equity=10801.04
closed paper trade buy pnl=1.1099 equity=10802.15
closed paper trade sell pnl=4.5186 equity=10806.67
closed paper trade sell pnl=1.8375 equity=10808.50
closed paper trade buy pnl=3.2344 equity=10811.74
closed paper trade buy pnl=3.3179 equity=10815.06
closed paper trade buy pnl=3.1387 equity=10818.19
closed paper trade buy pnl=3.3882 equity=10821.58
closed paper trade sell pnl=2.3316 equity=10823.91
closed paper trade buy pnl=2.4548 equity=10826.37
closed paper trade sell pnl=2.1750 equity=10828.54
closed paper trade buy pnl=3.3511 equity=10831.90
closed paper trade sell pnl=2.4253 equity=10834.32
closed paper trade buy pnl=2.6261 equity=10836.95
closed paper trade sell pnl=3.3690 equity=10840.32
closed paper trade sell pnl=2.2626 equity=10842.58
closed paper trade sell pnl=3.1901 equity=10845.77
closed paper trade sell pnl=4.0041 equity=10849.77
closed paper trade buy pnl=3.7502 equity=10853.52
closed paper trade buy pnl=2.1868 equity=10855.71
closed paper trade buy pnl=2.7576 equity=10858.47
closed paper trade buy pnl=3.4097 equity=10861.88
closed paper trade sell pnl=2.3692 equity=10864.25
closed paper trade sell pnl=2.1910 equity=10866.44
closed paper trade sell pnl=2.1916 equity=10868.63
closed paper trade buy pnl=1.8484 equity=10870.48
closed paper trade buy pnl=2.7079 equity=10873.18
closed paper trade buy pnl=2.0481 equity=10875.23
closed paper trade sell pnl=3.1649 equity=10878.40
closed paper trade sell pnl=2.5802 equity=10880.98
closed paper trade sell pnl=3.3203 equity=10884.30
closed paper trade buy pnl=2.9732 equity=10887.27
closed paper trade sell pnl=4.0560 equity=10891.33
closed paper trade sell pnl=1.9260 equity=10893.25
closed paper trade sell pnl=2.7397 equity=10895.99
closed paper trade buy pnl=0.7437 equity=10896.74
closed paper trade buy pnl=3.5071 equity=10900.24
closed paper trade buy pnl=3.2285 equity=10903.47
closed paper trade sell pnl=2.5185 equity=10905.99
closed paper trade sell pnl=2.8332 equity=10908.82
closed paper trade sell pnl=2.7337 equity=10911.56
closed paper trade sell pnl=1.3211 equity=10912.88
closed paper trade sell pnl=2.3804 equity=10915.26
closed paper trade sell pnl=2.3810 equity=10917.64
closed paper trade buy pnl=3.0937 equity=10920.73
closed paper trade sell pnl=2.8768 equity=10923.61
closed paper trade buy pnl=2.4950 equity=10926.11
closed paper trade sell pnl=3.3223 equity=10929.43
worker error 1/5: price failed after retries: bybit GET 
https://api.bybit.com/v5/market/instruments-info?category=spot
worker error 2/5: price failed after retries: bybit GET 
https://api.bybit.com/v5/market/instruments-info?category=spot
closed paper trade buy pnl=3.7695 equity=10933.20
closed paper trade buy pnl=1.9881 equity=10935.19
closed paper trade sell pnl=2.2423 equity=10937.43
closed paper trade buy pnl=2.6638 equity=10940.09
closed paper trade sell pnl=2.9817 equity=10943.07
closed paper trade buy pnl=3.2185 equity=10946.29
closed paper trade buy pnl=2.8178 equity=10949.11
closed paper trade buy pnl=1.9703 equity=10951.08
closed paper trade sell pnl=3.9839 equity=10955.06
closed paper trade buy pnl=2.5016 equity=10957.57
closed paper trade buy pnl=3.0210 equity=10960.59
closed paper trade sell pnl=2.7232 equity=10963.31
closed paper trade sell pnl=3.3445 equity=10966.65
closed paper trade sell pnl=2.9094 equity=10969.56
closed paper trade sell pnl=3.4341 equity=10973.00
closed paper trade buy pnl=2.3118 equity=10975.31
closed paper trade buy pnl=2.8223 equity=10978.13
closed paper trade buy pnl=4.4893 equity=10982.62
closed paper trade sell pnl=3.5288 equity=10986.15
closed paper trade buy pnl=3.8600 equity=10990.01
closed paper trade buy pnl=4.0056 equity=10994.02
closed paper trade buy pnl=2.4874 equity=10996.50
closed paper trade sell pnl=2.1130 equity=10998.62
closed paper trade sell pnl=2.0027 equity=11000.62
closed paper trade buy pnl=2.4991 equity=11003.12
closed paper trade buy pnl=2.3773 equity=11005.49
closed paper trade buy pnl=3.1323 equity=11008.63
closed paper trade buy pnl=2.8305 equity=11011.46
closed paper trade buy pnl=3.0281 equity=11014.49
closed paper trade buy pnl=2.8082 equity=11017.29
closed paper trade sell pnl=2.6699 equity=11019.96
closed paper trade buy pnl=2.3746 equity=11022.34
closed paper trade buy pnl=1.4959 equity=11023.83
closed paper trade sell pnl=1.2382 equity=11025.07
closed paper trade sell pnl=2.6148 equity=11027.69
closed paper trade buy pnl=2.7062 equity=11030.39
closed paper trade buy pnl=2.6593 equity=11033.05
closed paper trade buy pnl=3.3125 equity=11036.37
closed paper trade sell pnl=2.6210 equity=11038.99
closed paper trade buy pnl=3.0318 equity=11042.02
closed paper trade buy pnl=3.1648 equity=11045.18
closed paper trade sell pnl=2.8046 equity=11047.99
closed paper trade buy pnl=3.1117 equity=11051.10
closed paper trade sell pnl=3.0748 equity=11054.17
closed paper trade sell pnl=2.5379 equity=11056.71
closed paper trade buy pnl=2.8628 equity=11059.57
closed paper trade buy pnl=2.5010 equity=11062.08
closed paper trade buy pnl=2.4200 equity=11064.50
closed paper trade buy pnl=3.8252 equity=11068.32
closed paper trade buy pnl=2.5740 equity=11070.90
closed paper trade buy pnl=2.9140 equity=11073.81
closed paper trade buy pnl=2.4611 equity=11076.27
closed paper trade sell pnl=2.8934 equity=11079.16
closed paper trade buy pnl=3.6009 equity=11082.76
closed paper trade sell pnl=2.9960 equity=11085.76
closed paper trade buy pnl=2.2027 equity=11087.96
closed paper trade sell pnl=3.1227 equity=11091.09
closed paper trade sell pnl=2.9217 equity=11094.01
closed paper trade sell pnl=3.9671 equity=11097.97
closed paper trade buy pnl=2.3452 equity=11100.32
closed paper trade sell pnl=4.3573 equity=11104.68
closed paper trade buy pnl=2.8384 equity=11107.52
closed paper trade buy pnl=2.7771 equity=11110.29
closed paper trade buy pnl=3.4806 equity=11113.77
closed paper trade buy pnl=2.6166 equity=11116.39
closed paper trade buy pnl=3.1553 equity=11119.55
closed paper trade buy pnl=2.3241 equity=11121.87
closed paper trade buy pnl=1.9467 equity=11123.82
closed paper trade buy pnl=3.4220 equity=11127.24
closed paper trade buy pnl=1.7522 equity=11128.99
closed paper trade buy pnl=5.8194 equity=11134.81
closed paper trade buy pnl=2.5076 equity=11137.32
closed paper trade sell pnl=2.8389 equity=11140.16
closed paper trade sell pnl=2.9592 equity=11143.12
closed paper trade buy pnl=3.5234 equity=11146.64
closed paper trade buy pnl=3.6312 equity=11150.27
closed paper trade buy pnl=2.6843 equity=11152.95
closed paper trade buy pnl=2.7332 equity=11155.69
closed paper trade sell pnl=3.6204 equity=11159.31
closed paper trade buy pnl=3.3370 equity=11162.64
closed paper trade buy pnl=2.0150 equity=11164.66
closed paper trade buy pnl=3.1486 equity=11167.81
closed paper trade sell pnl=1.8919 equity=11169.70
closed paper trade buy pnl=2.7753 equity=11172.48
closed paper trade sell pnl=2.3954 equity=11174.87
closed paper trade buy pnl=2.1212 equity=11176.99
closed paper trade sell pnl=2.7119 equity=11179.70
closed paper trade sell pnl=2.8940 equity=11182.60
closed paper trade sell pnl=2.4152 equity=11185.01
closed paper trade buy pnl=2.9348 equity=11187.95
closed paper trade sell pnl=2.0705 equity=11190.02
closed paper trade sell pnl=2.7870 equity=11192.81
closed paper trade buy pnl=4.3632 equity=11197.17
closed paper trade buy pnl=3.5829 equity=11200.75
closed paper trade sell pnl=2.7794 equity=11203.53
closed paper trade sell pnl=4.0808 equity=11207.61
closed paper trade sell pnl=2.1267 equity=11209.74
closed paper trade sell pnl=4.4782 equity=11214.22
closed paper trade sell pnl=2.1478 equity=11216.36
closed paper trade buy pnl=2.9122 equity=11219.28
closed paper trade sell pnl=2.6115 equity=11221.89
closed paper trade sell pnl=2.5605 equity=11224.45
closed paper trade sell pnl=3.0436 equity=11227.49
closed paper trade sell pnl=1.9723 equity=11229.46
closed paper trade sell pnl=3.5618 equity=11233.03
closed paper trade buy pnl=2.3056 equity=11235.33
closed paper trade buy pnl=3.5477 equity=11238.88
closed paper trade buy pnl=2.7019 equity=11241.58
closed paper trade buy pnl=2.9916 equity=11244.57
closed paper trade sell pnl=2.9110 equity=11247.48
closed paper trade buy pnl=3.4013 equity=11250.89
closed paper trade buy pnl=2.7050 equity=11253.59
closed paper trade sell pnl=3.7044 equity=11257.29
closed paper trade buy pnl=1.1730 equity=11258.47
closed paper trade buy pnl=3.2431 equity=11261.71
closed paper trade sell pnl=3.1156 equity=11264.83
closed paper trade sell pnl=2.5285 equity=11267.36
closed paper trade buy pnl=2.8759 equity=11270.23
closed paper trade sell pnl=3.3027 equity=11273.53
closed paper trade buy pnl=1.9679 equity=11275.50
closed paper trade sell pnl=3.1511 equity=11278.65
closed paper trade sell pnl=3.8422 equity=11282.50
closed paper trade sell pnl=2.7242 equity=11285.22
closed paper trade buy pnl=2.1834 equity=11287.40
closed paper trade sell pnl=2.4536 equity=11289.86
closed paper trade sell pnl=3.0216 equity=11292.88
closed paper trade buy pnl=3.1015 equity=11295.98
closed paper trade buy pnl=3.3902 equity=11299.37
closed paper trade buy pnl=2.1485 equity=11301.52
closed paper trade sell pnl=2.1724 equity=11303.69
closed paper trade sell pnl=2.7297 equity=11306.42
closed paper trade sell pnl=0.7141 equity=11307.13
closed paper trade sell pnl=0.1073 equity=11307.24
closed paper trade buy pnl=2.5400 equity=11309.78
closed paper trade buy pnl=1.8451 equity=11311.63
closed paper trade buy pnl=2.9040 equity=11314.53
closed paper trade buy pnl=2.6777 equity=11317.21
closed paper trade sell pnl=2.7470 equity=11319.96
closed paper trade sell pnl=2.2938 equity=11322.25
closed paper trade sell pnl=3.3787 equity=11325.63
closed paper trade sell pnl=3.4628 equity=11329.09
closed paper trade sell pnl=3.1918 equity=11332.28
closed paper trade buy pnl=5.6845 equity=11337.97
closed paper trade buy pnl=2.7726 equity=11340.74
closed paper trade buy pnl=2.1640 equity=11342.90
closed paper trade sell pnl=1.7989 equity=11344.70
closed paper trade buy pnl=2.5245 equity=11347.23
closed paper trade sell pnl=3.4292 equity=11350.66
closed paper trade buy pnl=3.7589 equity=11354.42
closed paper trade buy pnl=2.6932 equity=11357.11
closed paper trade buy pnl=2.2556 equity=11359.36
closed paper trade buy pnl=2.9653 equity=11362.33
closed paper trade sell pnl=1.3396 equity=11363.67
closed paper trade sell pnl=3.3336 equity=11367.00
closed paper trade buy pnl=1.2899 equity=11368.29
closed paper trade buy pnl=1.7758 equity=11370.07
closed paper trade buy pnl=3.2159 equity=11373.28
closed paper trade buy pnl=2.9340 equity=11376.22
closed paper trade buy pnl=3.5590 equity=11379.78
closed paper trade sell pnl=2.7175 equity=11382.49
closed paper trade sell pnl=1.1758 equity=11383.67
closed paper trade buy pnl=-0.5231 equity=11383.15
closed paper trade sell pnl=1.5219 equity=11384.67
closed paper trade sell pnl=2.1514 equity=11386.82
closed paper trade sell pnl=4.4550 equity=11391.28
closed paper trade buy pnl=2.0697 equity=11393.35
closed paper trade sell pnl=2.3135 equity=11395.66
closed paper trade buy pnl=2.5133 equity=11398.17
closed paper trade sell pnl=2.8800 equity=11401.05
closed paper trade sell pnl=3.5614 equity=11404.61
closed paper trade buy pnl=3.3073 equity=11407.92
closed paper trade sell pnl=1.4826 equity=11409.40
closed paper trade buy pnl=3.0406 equity=11412.44
closed paper trade sell pnl=3.4069 equity=11415.85
closed paper trade sell pnl=3.7628 equity=11419.61
closed paper trade sell pnl=3.0236 equity=11422.64
closed paper trade buy pnl=-0.7315 equity=11421.91
closed paper trade buy pnl=3.5424 equity=11425.45
closed paper trade buy pnl=3.4665 equity=11428.91
closed paper trade sell pnl=1.5580 equity=11430.47
closed paper trade buy pnl=2.9838 equity=11433.46
closed paper trade sell pnl=3.7585 equity=11437.21
closed paper trade buy pnl=2.1058 equity=11439.32
closed paper trade buy pnl=3.3932 equity=11442.71
closed paper trade buy pnl=2.8680 equity=11445.58
closed paper trade buy pnl=2.5355 equity=11448.12
closed paper trade sell pnl=4.0339 equity=11452.15
closed paper trade buy pnl=2.6549 equity=11454.81
closed paper trade buy pnl=1.7224 equity=11456.53
closed paper trade sell pnl=2.8218 equity=11459.35
closed paper trade sell pnl=2.7627 equity=11462.11
closed paper trade sell pnl=2.9109 equity=11465.02
closed paper trade sell pnl=1.6793 equity=11466.70
closed paper trade buy pnl=2.1490 equity=11468.85
closed paper trade buy pnl=3.9476 equity=11472.80
closed paper trade sell pnl=3.2037 equity=11476.00
closed paper trade sell pnl=2.5017 equity=11478.51
closed paper trade sell pnl=4.3019 equity=11482.81
closed paper trade sell pnl=2.2111 equity=11485.02
closed paper trade sell pnl=3.1269 equity=11488.15
closed paper trade buy pnl=2.2276 equity=11490.37
closed paper trade buy pnl=3.0254 equity=11493.40
closed paper trade buy pnl=2.6713 equity=11496.07
closed paper trade buy pnl=2.8601 equity=11498.93
closed paper trade buy pnl=2.0789 equity=11501.01
closed paper trade sell pnl=4.3026 equity=11505.31
closed paper trade buy pnl=2.7061 equity=11508.02
closed paper trade sell pnl=3.4153 equity=11511.43
closed paper trade sell pnl=1.9791 equity=11513.41
closed paper trade buy pnl=4.8253 equity=11518.24
closed paper trade sell pnl=2.0584 equity=11520.30
closed paper trade sell pnl=2.9818 equity=11523.28
closed paper trade buy pnl=1.2697 equity=11524.55
closed paper trade buy pnl=3.1378 equity=11527.68
closed paper trade sell pnl=2.9875 equity=11530.67
closed paper trade sell pnl=3.3487 equity=11534.02
closed paper trade sell pnl=2.2547 equity=11536.28
closed paper trade buy pnl=4.5835 equity=11540.86
closed paper trade sell pnl=1.6431 equity=11542.50
closed paper trade buy pnl=2.7223 equity=11545.22
closed paper trade buy pnl=2.3567 equity=11547.58
closed paper trade buy pnl=2.2819 equity=11549.86
closed paper trade buy pnl=2.4638 equity=11552.33
Booting hermes-trading worker | asset=ETH/USDT:USDT | mode=paper | strategy=v77
closed paper trade buy pnl=1.5861 equity=10001.59
closed paper trade buy pnl=1.5481 equity=10003.13
closed paper trade sell pnl=0.4624 equity=10003.60
closed paper trade sell pnl=1.2382 equity=10004.83
closed paper trade buy pnl=1.2370 equity=10006.07
closed paper trade sell pnl=1.1613 equity=10007.23
closed paper trade buy pnl=2.6617 equity=10009.89
closed paper trade buy pnl=1.0446 equity=10010.94
closed paper trade buy pnl=1.1952 equity=10012.13
closed paper trade sell pnl=1.3433 equity=10013.48
closed paper trade buy pnl=1.4073 equity=10014.89
closed paper trade buy pnl=1.3465 equity=10016.23
closed paper trade sell pnl=1.1930 equity=10017.42
closed paper trade buy pnl=1.4522 equity=10018.88
closed paper trade buy pnl=1.1245 equity=10020.00
closed paper trade sell pnl=1.0787 equity=10021.08
closed paper trade buy pnl=1.8737 equity=10022.95
closed paper trade sell pnl=0.7071 equity=10023.66
closed paper trade buy pnl=1.3716 equity=10025.03
closed paper trade sell pnl=1.3281 equity=10026.36
closed paper trade buy pnl=0.7986 equity=10027.16
closed paper trade buy pnl=1.1301 equity=10028.29
closed paper trade sell pnl=1.5221 equity=10029.81
closed paper trade buy pnl=1.3760 equity=10031.19
closed paper trade buy pnl=1.3060 equity=10032.49
closed paper trade sell pnl=1.3371 equity=10033.83
closed paper trade sell pnl=0.9177 equity=10034.75
closed paper trade sell pnl=1.1090 equity=10035.86
closed paper trade buy pnl=1.1309 equity=10036.99
closed paper trade sell pnl=1.3286 equity=10038.32
closed paper trade sell pnl=1.0880 equity=10039.40
closed paper trade sell pnl=1.3789 equity=10040.78
closed paper trade buy pnl=1.0180 equity=10041.80
closed paper trade buy pnl=1.2523 equity=10043.05
closed paper trade sell pnl=1.0825 equity=10044.14
closed paper trade sell pnl=0.6838 equity=10044.82
closed paper trade sell pnl=1.3035 equity=10046.12
closed paper trade sell pnl=1.7177 equity=10047.84
closed paper trade sell pnl=1.2919 equity=10049.13
closed paper trade buy pnl=1.0511 equity=10050.18
closed paper trade sell pnl=1.5797 equity=10051.76
closed paper trade buy pnl=1.2110 equity=10052.98
closed paper trade sell pnl=1.2730 equity=10054.25
closed paper trade sell pnl=1.2596 equity=10055.51
closed paper trade buy pnl=1.2541 equity=10056.76
closed paper trade buy pnl=1.2284 equity=10057.99
closed paper trade sell pnl=1.2329 equity=10059.22
closed paper trade sell pnl=2.0731 equity=10061.30
closed paper trade sell pnl=1.2469 equity=10062.54
closed paper trade sell pnl=1.2727 equity=10063.82
closed paper trade sell pnl=1.3334 equity=10065.15
closed paper trade sell pnl=1.2065 equity=10066.36
closed paper trade sell pnl=0.9505 equity=10067.31
closed paper trade sell pnl=1.1840 equity=10068.49
closed paper trade buy pnl=1.2037 equity=10069.69
closed paper trade sell pnl=1.2191 equity=10070.91
closed paper trade buy pnl=1.2315 equity=10072.14
closed paper trade buy pnl=1.2745 equity=10073.42
closed paper trade buy pnl=1.2272 equity=10074.65
closed paper trade sell pnl=1.4061 equity=10076.05
closed paper trade buy pnl=1.2597 equity=10077.31
closed paper trade sell pnl=1.2731 equity=10078.59
closed paper trade sell pnl=0.9157 equity=10079.50
closed paper trade buy pnl=1.3366 equity=10080.84
closed paper trade buy pnl=1.3842 equity=10082.22
closed paper trade buy pnl=1.3568 equity=10083.58
closed paper trade buy pnl=1.5938 equity=10085.17
closed paper trade sell pnl=1.0397 equity=10086.21
closed paper trade sell pnl=1.1789 equity=10087.39
closed paper trade sell pnl=1.2834 equity=10088.67
closed paper trade buy pnl=1.4170 equity=10090.09
closed paper trade buy pnl=1.1486 equity=10091.24
closed paper trade sell pnl=1.3216 equity=10092.56
closed paper trade buy pnl=1.1992 equity=10093.76
closed paper trade buy pnl=1.2650 equity=10095.03
closed paper trade sell pnl=1.4688 equity=10096.49
closed paper trade buy pnl=1.2149 equity=10097.71
closed paper trade buy pnl=1.2166 equity=10098.93
closed paper trade sell pnl=1.5029 equity=10100.43
closed paper trade buy pnl=1.3072 equity=10101.74
closed paper trade sell pnl=1.2640 equity=10103.00
closed paper trade sell pnl=1.3628 equity=10104.36
closed paper trade buy pnl=1.2633 equity=10105.63
closed paper trade sell pnl=1.1932 equity=10106.82
closed paper trade sell pnl=1.2146 equity=10108.03
closed paper trade buy pnl=1.1413 equity=10109.18
closed paper trade sell pnl=1.2195 equity=10110.39
closed paper trade buy pnl=1.2533 equity=10111.65
closed paper trade sell pnl=1.4108 equity=10113.06
closed paper trade sell pnl=1.2245 equity=10114.28
closed paper trade sell pnl=1.2580 equity=10115.54
closed paper trade buy pnl=1.2800 equity=10116.82
closed paper trade buy pnl=1.3399 equity=10118.16
closed paper trade buy pnl=1.2067 equity=10119.37
closed paper trade buy pnl=1.3419 equity=10120.71
closed paper trade buy pnl=1.1212 equity=10121.83
closed paper trade buy pnl=1.3575 equity=10123.19
closed paper trade sell pnl=1.2819 equity=10124.47
closed paper trade sell pnl=1.6665 equity=10126.14
closed paper trade sell pnl=1.1269 equity=10127.26
closed paper trade buy pnl=1.4076 equity=10128.67
closed paper trade buy pnl=1.1987 equity=10129.87
closed paper trade sell pnl=1.1550 equity=10131.03
closed paper trade buy pnl=1.1238 equity=10132.15
closed paper trade sell pnl=1.2252 equity=10133.37
closed paper trade sell pnl=1.3410 equity=10134.72
closed paper trade sell pnl=1.2453 equity=10135.96
closed paper trade sell pnl=1.4035 equity=10137.36
closed paper trade sell pnl=1.1514 equity=10138.52
closed paper trade sell pnl=1.5378 equity=10140.05
closed paper trade sell pnl=0.9660 equity=10141.02
closed paper trade buy pnl=1.2249 equity=10142.24
closed paper trade sell pnl=1.4530 equity=10143.70
closed paper trade sell pnl=0.9149 equity=10144.61
closed paper trade buy pnl=0.9063 equity=10145.52
closed paper trade sell pnl=1.5338 equity=10147.05
closed paper trade sell pnl=1.0039 equity=10148.06
closed paper trade sell pnl=1.4199 equity=10149.48
closed paper trade buy pnl=0.7785 equity=10150.25
closed paper trade buy pnl=1.3304 equity=10151.59
closed paper trade buy pnl=1.1848 equity=10152.77
closed paper trade sell pnl=1.2825 equity=10154.05
closed paper trade sell pnl=0.5010 equity=10154.55
closed paper trade buy pnl=1.2161 equity=10155.77
closed paper trade buy pnl=0.5459 equity=10156.32
closed paper trade sell pnl=1.2374 equity=10157.55
closed paper trade sell pnl=1.5388 equity=10159.09
closed paper trade buy pnl=1.0780 equity=10160.17
closed paper trade sell pnl=2.7640 equity=10162.93
closed paper trade sell pnl=1.4910 equity=10164.42
closed paper trade buy pnl=0.8848 equity=10165.31
closed paper trade sell pnl=0.8443 equity=10166.15
closed paper trade buy pnl=1.5284 equity=10167.68
closed paper trade buy pnl=1.3208 equity=10169.00
closed paper trade sell pnl=1.1973 equity=10170.20
closed paper trade sell pnl=1.4719 equity=10171.67
closed paper trade sell pnl=1.1272 equity=10172.80
closed paper trade sell pnl=1.2177 equity=10174.02
closed paper trade buy pnl=1.2147 equity=10175.23
closed paper trade sell pnl=1.4786 equity=10176.71
closed paper trade buy pnl=1.6028 equity=10178.31
closed paper trade buy pnl=1.3764 equity=10179.69
closed paper trade sell pnl=0.3717 equity=10180.06
closed paper trade sell pnl=1.7257 equity=10181.79
closed paper trade sell pnl=1.5827 equity=10183.37
closed paper trade sell pnl=1.2512 equity=10184.62
closed paper trade sell pnl=1.5402 equity=10186.16
closed paper trade buy pnl=1.4289 equity=10187.59
closed paper trade sell pnl=0.9781 equity=10188.57
closed paper trade sell pnl=0.3505 equity=10188.92
closed paper trade sell pnl=1.1554 equity=10190.07
closed paper trade sell pnl=0.8278 equity=10190.90
closed paper trade sell pnl=1.8935 equity=10192.80
closed paper trade buy pnl=0.9600 equity=10193.76
closed paper trade buy pnl=0.1164 equity=10193.87
closed paper trade sell pnl=1.4731 equity=10195.34
closed paper trade sell pnl=0.9861 equity=10196.33
closed paper trade buy pnl=1.3743 equity=10197.71
closed paper trade sell pnl=1.4408 equity=10199.15
closed paper trade buy pnl=1.8259 equity=10200.97
closed paper trade buy pnl=1.1279 equity=10202.10
closed paper trade sell pnl=1.0227 equity=10203.12
closed paper trade sell pnl=0.9106 equity=10204.03
closed paper trade buy pnl=1.4185 equity=10205.45
closed paper trade buy pnl=0.9875 equity=10206.44
closed paper trade sell pnl=1.1275 equity=10207.57
closed paper trade sell pnl=1.5494 equity=10209.12
closed paper trade sell pnl=1.5926 equity=10210.71
closed paper trade buy pnl=0.9882 equity=10211.70
closed paper trade sell pnl=1.5695 equity=10213.27
closed paper trade buy pnl=2.1750 equity=10215.44
closed paper trade sell pnl=1.2505 equity=10216.69
closed paper trade buy pnl=0.9408 equity=10217.63
closed paper trade buy pnl=1.2087 equity=10218.84
closed paper trade sell pnl=1.2679 equity=10220.11
closed paper trade sell pnl=0.9021 equity=10221.01
closed paper trade buy pnl=1.1797 equity=10222.19
closed paper trade sell pnl=2.0217 equity=10224.21
closed paper trade sell pnl=1.1432 equity=10225.36
closed paper trade sell pnl=1.2966 equity=10226.65
closed paper trade buy pnl=1.6934 equity=10228.35
closed paper trade sell pnl=1.0911 equity=10229.44
closed paper trade sell pnl=1.4859 equity=10230.92
closed paper trade sell pnl=1.3946 equity=10232.32
closed paper trade sell pnl=1.2479 equity=10233.57
closed paper trade buy pnl=1.2529 equity=10234.82
closed paper trade buy pnl=1.3811 equity=10236.20
closed paper trade buy pnl=1.2155 equity=10237.41
closed paper trade sell pnl=1.1196 equity=10238.53
closed paper trade sell pnl=1.5745 equity=10240.11
closed paper trade buy pnl=1.8671 equity=10241.98
closed paper trade buy pnl=1.5105 equity=10243.49
closed paper trade buy pnl=0.9196 equity=10244.41
closed paper trade buy pnl=1.0083 equity=10245.41
closed paper trade buy pnl=1.1540 equity=10246.57
closed paper trade sell pnl=1.6251 equity=10248.19
closed paper trade sell pnl=1.0617 equity=10249.26
closed paper trade buy pnl=1.3394 equity=10250.59
closed paper trade buy pnl=1.5392 equity=10252.13
closed paper trade sell pnl=1.3327 equity=10253.47
closed paper trade buy pnl=1.4186 equity=10254.89
closed paper trade sell pnl=1.8437 equity=10256.73
closed paper trade sell pnl=0.5809 equity=10257.31
closed paper trade buy pnl=1.6253 equity=10258.93
closed paper trade sell pnl=1.2885 equity=10260.22
closed paper trade sell pnl=1.7286 equity=10261.95
closed paper trade sell pnl=1.3295 equity=10263.28
closed paper trade buy pnl=1.4994 equity=10264.78
closed paper trade buy pnl=4.9187 equity=10269.70
closed paper trade sell pnl=-0.4180 equity=10269.28
closed paper trade sell pnl=0.7564 equity=10270.04
closed paper trade buy pnl=1.1808 equity=10271.22
closed paper trade sell pnl=0.5074 equity=10271.73
closed paper trade sell pnl=0.4734 equity=10272.20
closed paper trade buy pnl=3.0275 equity=10275.23
closed paper trade buy pnl=1.2372 equity=10276.46
closed paper trade buy pnl=1.5886 equity=10278.05
closed paper trade sell pnl=1.8111 equity=10279.86
closed paper trade buy pnl=1.0365 equity=10280.90
closed paper trade sell pnl=1.1253 equity=10282.03
closed paper trade sell pnl=2.2948 equity=10284.32
closed paper trade sell pnl=1.5060 equity=10285.83
closed paper trade buy pnl=1.3876 equity=10287.21
closed paper trade sell pnl=1.0655 equity=10288.28
closed paper trade buy pnl=1.7014 equity=10289.98
closed paper trade buy pnl=1.6229 equity=10291.60
closed paper trade buy pnl=1.4250 equity=10293.03
closed paper trade sell pnl=1.2544 equity=10294.28
closed paper trade sell pnl=1.3442 equity=10295.63
closed paper trade sell pnl=1.3536 equity=10296.98
closed paper trade sell pnl=1.6257 equity=10298.61
closed paper trade sell pnl=0.7539 equity=10299.36
closed paper trade sell pnl=1.5458 equity=10300.91
closed paper trade buy pnl=1.1524 equity=10302.06
closed paper trade sell pnl=0.5502 equity=10302.61
closed paper trade sell pnl=1.2860 equity=10303.90
closed paper trade buy pnl=1.3360 equity=10305.23
closed paper trade buy pnl=1.1223 equity=10306.35
closed paper trade sell pnl=1.2788 equity=10307.63
closed paper trade buy pnl=1.3088 equity=10308.94
closed paper trade sell pnl=1.6116 equity=10310.55
closed paper trade sell pnl=0.0687 equity=10310.62
closed paper trade buy pnl=1.1343 equity=10311.76
closed paper trade sell pnl=1.4042 equity=10313.16
closed paper trade buy pnl=0.9176 equity=10314.08
closed paper trade sell pnl=1.3392 equity=10315.42
closed paper trade sell pnl=1.3272 equity=10316.74
closed paper trade sell pnl=1.1978 equity=10317.94
closed paper trade buy pnl=1.3733 equity=10319.31
closed paper trade sell pnl=1.4240 equity=10320.74
closed paper trade sell pnl=1.4440 equity=10322.18
closed paper trade buy pnl=1.3168 equity=10323.50
closed paper trade sell pnl=1.4109 equity=10324.91
closed paper trade sell pnl=1.2153 equity=10326.13
closed paper trade sell pnl=1.2139 equity=10327.34
closed paper trade sell pnl=1.5387 equity=10328.88
closed paper trade sell pnl=2.1620 equity=10331.04
closed paper trade sell pnl=1.0910 equity=10332.13
closed paper trade buy pnl=1.0897 equity=10333.22
closed paper trade buy pnl=1.4740 equity=10334.70
closed paper trade buy pnl=1.3482 equity=10336.04
closed paper trade sell pnl=1.1468 equity=10337.19
closed paper trade sell pnl=0.9914 equity=10338.18
closed paper trade sell pnl=1.2120 equity=10339.39
closed paper trade sell pnl=1.2737 equity=10340.67
closed paper trade sell pnl=1.0523 equity=10341.72
closed paper trade buy pnl=1.3629 equity=10343.08
closed paper trade buy pnl=2.7271 equity=10345.81
closed paper trade buy pnl=1.3106 equity=10347.12
closed paper trade buy pnl=0.8022 equity=10347.92
closed paper trade sell pnl=1.1721 equity=10349.09
closed paper trade buy pnl=1.1917 equity=10350.29
closed paper trade sell pnl=1.1723 equity=10351.46
closed paper trade buy pnl=1.3361 equity=10352.79
closed paper trade buy pnl=1.1921 equity=10353.99
closed paper trade sell pnl=1.2295 equity=10355.22
closed paper trade buy pnl=1.4807 equity=10356.70
closed paper trade buy pnl=1.4267 equity=10358.12
closed paper trade sell pnl=1.3313 equity=10359.45
closed paper trade buy pnl=0.8921 equity=10360.35
closed paper trade buy pnl=1.5282 equity=10361.88
closed paper trade sell pnl=1.2550 equity=10363.13
closed paper trade sell pnl=1.3487 equity=10364.48
closed paper trade buy pnl=1.2059 equity=10365.68
closed paper trade sell pnl=1.7687 equity=10367.45
closed paper trade sell pnl=1.3095 equity=10368.76
closed paper trade buy pnl=1.5776 equity=10370.34
closed paper trade buy pnl=1.0853 equity=10371.43
closed paper trade sell pnl=1.5192 equity=10372.94
closed paper trade sell pnl=1.3748 equity=10374.32
closed paper trade buy pnl=1.4916 equity=10375.81
closed paper trade buy pnl=0.5013 equity=10376.31
closed paper trade sell pnl=1.1408 equity=10377.45
closed paper trade sell pnl=1.4034 equity=10378.86
closed paper trade sell pnl=1.3002 equity=10380.16
closed paper trade buy pnl=1.4882 equity=10381.65
closed paper trade buy pnl=1.3214 equity=10382.97
closed paper trade buy pnl=1.4074 equity=10384.37
closed paper trade sell pnl=1.4198 equity=10385.79
closed paper trade buy pnl=1.2470 equity=10387.04
closed paper trade sell pnl=1.2780 equity=10388.32
closed paper trade sell pnl=1.0043 equity=10389.32
closed paper trade buy pnl=1.1383 equity=10390.46
closed paper trade buy pnl=1.1508 equity=10391.61
closed paper trade sell pnl=0.9123 equity=10392.52
closed paper trade buy pnl=1.2978 equity=10393.82
closed paper trade sell pnl=1.1524 equity=10394.97
closed paper trade sell pnl=1.3531 equity=10396.33
closed paper trade buy pnl=0.9752 equity=10397.30
closed paper trade buy pnl=1.4264 equity=10398.73
closed paper trade buy pnl=1.1143 equity=10399.84
closed paper trade buy pnl=1.2346 equity=10401.08
closed paper trade sell pnl=1.1636 equity=10402.24
closed paper trade sell pnl=0.7477 equity=10402.99
closed paper trade sell pnl=1.3109 equity=10404.30
closed paper trade sell pnl=1.0340 equity=10405.33
closed paper trade sell pnl=1.5757 equity=10406.91
closed paper trade buy pnl=1.2245 equity=10408.13
closed paper trade sell pnl=1.4385 equity=10409.57
closed paper trade sell pnl=1.2854 equity=10410.86
closed paper trade sell pnl=1.0922 equity=10411.95
closed paper trade sell pnl=1.4542 equity=10413.41
closed paper trade buy pnl=1.3426 equity=10414.75
closed paper trade sell pnl=1.0492 equity=10415.80
closed paper trade sell pnl=1.6931 equity=10417.49
closed paper trade buy pnl=1.0469 equity=10418.54
closed paper trade sell pnl=0.8823 equity=10419.42
closed paper trade buy pnl=0.9327 equity=10420.35
closed paper trade sell pnl=1.5991 equity=10421.95
closed paper trade sell pnl=1.4132 equity=10423.36
closed paper trade buy pnl=1.0214 equity=10424.39
closed paper trade sell pnl=1.2669 equity=10425.65
closed paper trade sell pnl=0.9630 equity=10426.62
closed paper trade sell pnl=1.3405 equity=10427.96
closed paper trade sell pnl=1.2861 equity=10429.24
closed paper trade sell pnl=1.3096 equity=10430.55
closed paper trade sell pnl=1.1541 equity=10431.71
closed paper trade sell pnl=1.2617 equity=10432.97
closed paper trade sell pnl=0.2615 equity=10433.23
closed paper trade sell pnl=1.3380 equity=10434.57
closed paper trade sell pnl=1.3273 equity=10435.89
closed paper trade buy pnl=1.3204 equity=10437.21
closed paper trade buy pnl=1.4837 equity=10438.70
closed paper trade buy pnl=1.3255 equity=10440.02
closed paper trade buy pnl=1.4590 equity=10441.48
closed paper trade sell pnl=1.3421 equity=10442.83
closed paper trade buy pnl=1.3589 equity=10444.18
closed paper trade buy pnl=1.4358 equity=10445.62
closed paper trade sell pnl=1.3163 equity=10446.94
closed paper trade sell pnl=1.3692 equity=10448.31
closed paper trade buy pnl=1.3236 equity=10449.63
closed paper trade buy pnl=1.3786 equity=10451.01
closed paper trade sell pnl=1.3154 equity=10452.32
closed paper trade buy pnl=1.3822 equity=10453.71
closed paper trade sell pnl=1.1744 equity=10454.88
closed paper trade buy pnl=1.3150 equity=10456.19
closed paper trade sell pnl=1.3907 equity=10457.59
closed paper trade buy pnl=1.5102 equity=10459.10
closed paper trade buy pnl=1.2872 equity=10460.38
closed paper trade buy pnl=1.1144 equity=10461.50
closed paper trade buy pnl=1.1537 equity=10462.65
closed paper trade buy pnl=1.2861 equity=10463.94
closed paper trade sell pnl=1.1426 equity=10465.08
closed paper trade buy pnl=1.2172 equity=10466.30
closed paper trade sell pnl=1.3937 equity=10467.69
closed paper trade buy pnl=1.3182 equity=10469.01
closed paper trade buy pnl=1.2680 equity=10470.28
closed paper trade sell pnl=1.3833 equity=10471.66
closed paper trade buy pnl=1.3817 equity=10473.04
closed paper trade sell pnl=1.2964 equity=10474.34
closed paper trade sell pnl=1.4134 equity=10475.75
closed paper trade buy pnl=1.2971 equity=10477.05
closed paper trade sell pnl=1.0391 equity=10478.09
closed paper trade buy pnl=1.7735 equity=10479.86
closed paper trade buy pnl=1.8927 equity=10481.75
closed paper trade buy pnl=1.4912 equity=10483.25
closed paper trade buy pnl=1.3609 equity=10484.61
closed paper trade buy pnl=1.0771 equity=10485.68
closed paper trade sell pnl=1.4130 equity=10487.10
closed paper trade buy pnl=1.4463 equity=10488.54
closed paper trade buy pnl=1.2344 equity=10489.78
closed paper trade sell pnl=1.2954 equity=10491.07
closed paper trade buy pnl=1.0964 equity=10492.17
closed paper trade sell pnl=1.3611 equity=10493.53
closed paper trade sell pnl=1.6436 equity=10495.17
closed paper trade buy pnl=1.3264 equity=10496.50
closed paper trade buy pnl=1.2159 equity=10497.72
closed paper trade sell pnl=1.5044 equity=10499.22
closed paper trade buy pnl=1.1940 equity=10500.41
closed paper trade sell pnl=1.4472 equity=10501.86
closed paper trade sell pnl=1.2905 equity=10503.15
closed paper trade buy pnl=1.1990 equity=10504.35
closed paper trade buy pnl=1.0419 equity=10505.39
closed paper trade buy pnl=1.0500 equity=10506.44
closed paper trade sell pnl=1.3240 equity=10507.77
closed paper trade sell pnl=1.3619 equity=10509.13
closed paper trade buy pnl=1.1822 equity=10510.31
closed paper trade sell pnl=1.3921 equity=10511.70
closed paper trade buy pnl=1.5364 equity=10513.24
closed paper trade sell pnl=1.5180 equity=10514.76
closed paper trade buy pnl=1.2113 equity=10515.97
closed paper trade buy pnl=1.0540 equity=10517.02
closed paper trade buy pnl=1.2336 equity=10518.26
closed paper trade buy pnl=1.1494 equity=10519.41
closed paper trade buy pnl=1.4268 equity=10520.83
closed paper trade buy pnl=1.2945 equity=10522.13
closed paper trade buy pnl=1.3986 equity=10523.53
closed paper trade sell pnl=1.1254 equity=10524.65
closed paper trade sell pnl=1.3865 equity=10526.04
closed paper trade sell pnl=1.2776 equity=10527.32
closed paper trade sell pnl=0.8319 equity=10528.15
closed paper trade sell pnl=1.2116 equity=10529.36
closed paper trade sell pnl=1.2497 equity=10530.61
closed paper trade sell pnl=1.2340 equity=10531.84
closed paper trade sell pnl=1.4333 equity=10533.28
closed paper trade buy pnl=1.6462 equity=10534.92
closed paper trade buy pnl=1.5168 equity=10536.44
closed paper trade buy pnl=1.1641 equity=10537.60
closed paper trade sell pnl=1.3628 equity=10538.97
closed paper trade buy pnl=1.2793 equity=10540.24
closed paper trade sell pnl=1.1498 equity=10541.39
closed paper trade sell pnl=1.3048 equity=10542.70
closed paper trade buy pnl=1.1680 equity=10543.87
closed paper trade sell pnl=1.2561 equity=10545.12
closed paper trade buy pnl=1.1112 equity=10546.23
closed paper trade sell pnl=1.2644 equity=10547.50
closed paper trade sell pnl=0.8494 equity=10548.35
closed paper trade sell pnl=1.0962 equity=10549.44
closed paper trade sell pnl=1.3405 equity=10550.79
closed paper trade sell pnl=0.8250 equity=10551.61
closed paper trade sell pnl=0.6958 equity=10552.31
closed paper trade sell pnl=1.3501 equity=10553.66
closed paper trade buy pnl=1.6398 equity=10555.30
closed paper trade buy pnl=1.1724 equity=10556.47
closed paper trade sell pnl=1.3208 equity=10557.79
closed paper trade sell pnl=1.3666 equity=10559.16
closed paper trade buy pnl=1.4725 equity=10560.63
closed paper trade buy pnl=1.3378 equity=10561.97
closed paper trade buy pnl=1.1966 equity=10563.16
closed paper trade sell pnl=1.3924 equity=10564.56
closed paper trade sell pnl=1.0891 equity=10565.64
closed paper trade sell pnl=1.3503 equity=10566.99
closed paper trade sell pnl=1.3756 equity=10568.37
closed paper trade sell pnl=1.3774 equity=10569.75
closed paper trade buy pnl=1.0548 equity=10570.80
closed paper trade buy pnl=1.3375 equity=10572.14
closed paper trade buy pnl=1.4409 equity=10573.58
closed paper trade buy pnl=1.4824 equity=10575.06
closed paper trade sell pnl=1.2163 equity=10576.28
closed paper trade buy pnl=1.1780 equity=10577.46
closed paper trade sell pnl=1.1523 equity=10578.61
closed paper trade buy pnl=1.3781 equity=10579.99
closed paper trade sell pnl=0.9210 equity=10580.91
closed paper trade sell pnl=1.3301 equity=10582.24
closed paper trade sell pnl=1.2206 equity=10583.46
closed paper trade buy pnl=1.2600 equity=10584.72
closed paper trade sell pnl=1.1083 equity=10585.83
closed paper trade buy pnl=1.0686 equity=10586.90
closed paper trade buy pnl=1.3458 equity=10588.24
closed paper trade sell pnl=1.3780 equity=10589.62
closed paper trade sell pnl=1.9747 equity=10591.59
closed paper trade buy pnl=1.1594 equity=10592.75
closed paper trade buy pnl=1.5513 equity=10594.31
closed paper trade sell pnl=1.9131 equity=10596.22
closed paper trade sell pnl=1.5267 equity=10597.75
closed paper trade buy pnl=0.1433 equity=10597.89
closed paper trade buy pnl=1.5669 equity=10599.46
closed paper trade buy pnl=1.3888 equity=10600.84
closed paper trade buy pnl=1.2475 equity=10602.09
closed paper trade sell pnl=1.3848 equity=10603.48
closed paper trade sell pnl=1.4102 equity=10604.89
closed paper trade buy pnl=1.2766 equity=10606.16
closed paper trade sell pnl=1.3397 equity=10607.50
closed paper trade buy pnl=1.6972 equity=10609.20
closed paper trade buy pnl=1.1675 equity=10610.37
closed paper trade buy pnl=1.3791 equity=10611.75
closed paper trade buy pnl=1.4732 equity=10613.22
closed paper trade buy pnl=1.2251 equity=10614.45
closed paper trade buy pnl=1.2985 equity=10615.74
closed paper trade buy pnl=1.2954 equity=10617.04
closed paper trade buy pnl=1.4803 equity=10618.52
closed paper trade buy pnl=1.3451 equity=10619.86
closed paper trade sell pnl=1.2153 equity=10621.08
closed paper trade sell pnl=1.4362 equity=10622.52
closed paper trade sell pnl=1.4066 equity=10623.92
closed paper trade buy pnl=1.4767 equity=10625.40
closed paper trade sell pnl=0.9900 equity=10626.39
closed paper trade sell pnl=1.3170 equity=10627.71
closed paper trade sell pnl=1.3487 equity=10629.05
closed paper trade buy pnl=1.3114 equity=10630.37
closed paper trade sell pnl=1.8262 equity=10632.19
closed paper trade sell pnl=1.4443 equity=10633.64
closed paper trade buy pnl=1.4495 equity=10635.09
closed paper trade buy pnl=1.2401 equity=10636.33
closed paper trade buy pnl=1.5652 equity=10637.89
closed paper trade buy pnl=1.0116 equity=10638.90
closed paper trade sell pnl=1.5294 equity=10640.43
closed paper trade sell pnl=1.4378 equity=10641.87
closed paper trade sell pnl=1.3014 equity=10643.17
closed paper trade buy pnl=1.4012 equity=10644.57
closed paper trade sell pnl=1.5958 equity=10646.17
closed paper trade buy pnl=1.4564 equity=10647.63
closed paper trade sell pnl=1.6677 equity=10649.29
closed paper trade sell pnl=0.9999 equity=10650.29
closed paper trade sell pnl=1.9207 equity=10652.21
closed paper trade sell pnl=1.1991 equity=10653.41
closed paper trade sell pnl=1.2025 equity=10654.61
closed paper trade sell pnl=1.3093 equity=10655.92
closed paper trade buy pnl=1.3532 equity=10657.28
closed paper trade sell pnl=1.3367 equity=10658.61
closed paper trade sell pnl=1.5245 equity=10660.14
closed paper trade sell pnl=1.6972 equity=10661.84
closed paper trade sell pnl=1.0609 equity=10662.90
closed paper trade sell pnl=2.5045 equity=10665.40
closed paper trade buy pnl=1.3269 equity=10666.73
closed paper trade buy pnl=1.5779 equity=10668.31
closed paper trade sell pnl=1.3029 equity=10669.61
closed paper trade sell pnl=1.5193 equity=10671.13
closed paper trade buy pnl=2.3698 equity=10673.50
closed paper trade buy pnl=1.0704 equity=10674.57
closed paper trade buy pnl=1.6880 equity=10676.26
closed paper trade buy pnl=1.4154 equity=10677.67
closed paper trade buy pnl=1.2303 equity=10678.90
closed paper trade buy pnl=1.4802 equity=10680.38
closed paper trade buy pnl=1.3450 equity=10681.73
closed paper trade buy pnl=1.5902 equity=10683.32
closed paper trade buy pnl=1.9382 equity=10685.26
closed paper trade buy pnl=1.6337 equity=10686.89
closed paper trade buy pnl=1.1738 equity=10688.06
closed paper trade buy pnl=1.7996 equity=10689.86
closed paper trade sell pnl=1.1802 equity=10691.04
closed paper trade sell pnl=1.6050 equity=10692.65
closed paper trade buy pnl=1.1211 equity=10693.77
closed paper trade sell pnl=-0.4344 equity=10693.33
closed paper trade sell pnl=0.6257 equity=10693.96
closed paper trade buy pnl=1.4041 equity=10695.36
closed paper trade buy pnl=0.0301 equity=10695.39
closed paper trade sell pnl=1.9389 equity=10697.33
closed paper trade sell pnl=0.4647 equity=10697.80
closed paper trade sell pnl=1.3400 equity=10699.14
closed paper trade sell pnl=1.8986 equity=10701.04
closed paper trade sell pnl=1.3847 equity=10702.42
closed paper trade buy pnl=0.8516 equity=10703.27
closed paper trade buy pnl=1.1252 equity=10704.40
closed paper trade sell pnl=1.6680 equity=10706.07
closed paper trade buy pnl=0.9494 equity=10707.02
closed paper trade sell pnl=1.4976 equity=10708.51
closed paper trade buy pnl=1.5119 equity=10710.03
closed paper trade buy pnl=1.5732 equity=10711.60
closed paper trade buy pnl=0.2897 equity=10711.89
closed paper trade sell pnl=1.5165 equity=10713.40
closed paper trade sell pnl=1.2637 equity=10714.67
closed paper trade buy pnl=2.3906 equity=10717.06
closed paper trade buy pnl=1.1097 equity=10718.17
closed paper trade buy pnl=1.6779 equity=10719.85
closed paper trade sell pnl=1.4164 equity=10721.26
closed paper trade buy pnl=1.6263 equity=10722.89
closed paper trade buy pnl=1.2600 equity=10724.15
closed paper trade buy pnl=1.4943 equity=10725.64
closed paper trade buy pnl=1.6344 equity=10727.28
closed paper trade sell pnl=1.2242 equity=10728.50
closed paper trade sell pnl=1.3648 equity=10729.87
closed paper trade buy pnl=1.5321 equity=10731.40
closed paper trade sell pnl=1.3539 equity=10732.75
closed paper trade sell pnl=1.5378 equity=10734.29
closed paper trade buy pnl=1.2824 equity=10735.57
closed paper trade sell pnl=1.1676 equity=10736.74
closed paper trade buy pnl=1.2732 equity=10738.01
closed paper trade buy pnl=1.2587 equity=10739.27
closed paper trade sell pnl=1.4861 equity=10740.76
closed paper trade sell pnl=1.4047 equity=10742.16
closed paper trade buy pnl=1.4450 equity=10743.61
closed paper trade sell pnl=1.4115 equity=10745.02
closed paper trade sell pnl=1.2580 equity=10746.28
closed paper trade sell pnl=1.0832 equity=10747.36
closed paper trade buy pnl=1.3130 equity=10748.67
closed paper trade buy pnl=1.2630 equity=10749.94
closed paper trade buy pnl=1.1465 equity=10751.08
closed paper trade sell pnl=1.1142 equity=10752.20
closed paper trade buy pnl=1.2390 equity=10753.44
closed paper trade buy pnl=1.5537 equity=10754.99
closed paper trade sell pnl=1.2477 equity=10756.24
closed paper trade sell pnl=1.4773 equity=10757.72
closed paper trade sell pnl=1.3300 equity=10759.05
closed paper trade buy pnl=1.2639 equity=10760.31
closed paper trade sell pnl=1.2949 equity=10761.60
closed paper trade sell pnl=1.0780 equity=10762.68
closed paper trade sell pnl=1.3017 equity=10763.98
closed paper trade buy pnl=2.1316 equity=10766.12
closed paper trade buy pnl=1.5938 equity=10767.71
closed paper trade sell pnl=1.3874 equity=10769.10
closed paper trade sell pnl=1.5782 equity=10770.67
closed paper trade buy pnl=1.3482 equity=10772.02
closed paper trade sell pnl=1.3639 equity=10773.39
closed paper trade buy pnl=1.3843 equity=10774.77
closed paper trade buy pnl=1.1848 equity=10775.96
closed paper trade sell pnl=1.4528 equity=10777.41
closed paper trade buy pnl=1.3864 equity=10778.80
closed paper trade buy pnl=1.4921 equity=10780.29
closed paper trade sell pnl=1.4212 equity=10781.71
closed paper trade sell pnl=1.7544 equity=10783.46
closed paper trade buy pnl=2.0005 equity=10785.46
closed paper trade sell pnl=1.4251 equity=10786.89
closed paper trade sell pnl=1.2724 equity=10788.16
closed paper trade buy pnl=1.2577 equity=10789.42
closed paper trade sell pnl=1.3484 equity=10790.77
closed paper trade buy pnl=1.4484 equity=10792.22
closed paper trade sell pnl=1.3343 equity=10793.55
closed paper trade sell pnl=1.4892 equity=10795.04
closed paper trade buy pnl=1.3073 equity=10796.35
closed paper trade sell pnl=1.3751 equity=10797.72
closed paper trade buy pnl=1.5733 equity=10799.29
closed paper trade buy pnl=1.3925 equity=10800.69
closed paper trade sell pnl=1.2772 equity=10801.96
closed paper trade sell pnl=1.4129 equity=10803.38
closed paper trade sell pnl=1.2743 equity=10804.65
closed paper trade buy pnl=1.1912 equity=10805.84
closed paper trade buy pnl=1.4848 equity=10807.33
closed paper trade buy pnl=1.3381 equity=10808.67
closed paper trade sell pnl=1.0840 equity=10809.75
closed paper trade sell pnl=1.4867 equity=10811.24
closed paper trade buy pnl=1.4284 equity=10812.66
closed paper trade buy pnl=1.2361 equity=10813.90
closed paper trade buy pnl=1.3031 equity=10815.20
closed paper trade sell pnl=1.1918 equity=10816.40
closed paper trade sell pnl=1.3340 equity=10817.73
closed paper trade sell pnl=1.3746 equity=10819.10
closed paper trade sell pnl=1.3473 equity=10820.45
closed paper trade sell pnl=1.2731 equity=10821.72
closed paper trade buy pnl=1.2681 equity=10822.99
closed paper trade sell pnl=1.3284 equity=10824.32
closed paper trade sell pnl=1.3592 equity=10825.68
closed paper trade buy pnl=1.3502 equity=10827.03
closed paper trade buy pnl=1.2589 equity=10828.29
closed paper trade buy pnl=1.2639 equity=10829.55
closed paper trade buy pnl=1.3065 equity=10830.86
closed paper trade sell pnl=1.2094 equity=10832.07
closed paper trade sell pnl=1.2436 equity=10833.31
closed paper trade sell pnl=1.4333 equity=10834.75
closed paper trade buy pnl=1.3235 equity=10836.07
closed paper trade buy pnl=1.4612 equity=10837.53
closed paper trade buy pnl=1.8087 equity=10839.34
closed paper trade sell pnl=1.3482 equity=10840.69
closed paper trade buy pnl=1.3570 equity=10842.04
closed paper trade buy pnl=1.3686 equity=10843.41
closed paper trade buy pnl=0.9072 equity=10844.32
closed paper trade sell pnl=1.3650 equity=10845.69
closed paper trade sell pnl=1.2694 equity=10846.95
closed paper trade sell pnl=1.1704 equity=10848.13
closed paper trade sell pnl=1.4159 equity=10849.54
closed paper trade sell pnl=1.2910 equity=10850.83
closed paper trade sell pnl=1.7037 equity=10852.54
closed paper trade sell pnl=1.3758 equity=10853.91
closed paper trade sell pnl=1.5450 equity=10855.46
closed paper trade sell pnl=1.3941 equity=10856.85
closed paper trade sell pnl=1.3308 equity=10858.18
closed paper trade sell pnl=1.2497 equity=10859.43
closed paper trade buy pnl=1.2722 equity=10860.70
closed paper trade buy pnl=1.5616 equity=10862.27
closed paper trade buy pnl=1.4007 equity=10863.67
closed paper trade buy pnl=1.4601 equity=10865.13
closed paper trade buy pnl=1.4159 equity=10866.54
closed paper trade buy pnl=1.4045 equity=10867.95
closed paper trade sell pnl=1.2606 equity=10869.21
closed paper trade sell pnl=1.2299 equity=10870.44
closed paper trade sell pnl=1.0286 equity=10871.47
closed paper trade sell pnl=1.3863 equity=10872.85
closed paper trade sell pnl=1.3929 equity=10874.24
closed paper trade buy pnl=1.4547 equity=10875.70
closed paper trade buy pnl=1.4040 equity=10877.10
closed paper trade sell pnl=1.3983 equity=10878.50
closed paper trade buy pnl=1.6275 equity=10880.13
closed paper trade buy pnl=1.1963 equity=10881.33
closed paper trade sell pnl=1.0674 equity=10882.39
closed paper trade sell pnl=1.4542 equity=10883.85
closed paper trade buy pnl=1.1918 equity=10885.04
closed paper trade sell pnl=1.6072 equity=10886.65
closed paper trade sell pnl=1.2419 equity=10887.89
closed paper trade buy pnl=1.3859 equity=10889.27
closed paper trade sell pnl=1.2585 equity=10890.53
closed paper trade sell pnl=1.3497 equity=10891.88
closed paper trade buy pnl=1.3388 equity=10893.22
closed paper trade buy pnl=1.4653 equity=10894.69
closed paper trade sell pnl=1.4802 equity=10896.17
closed paper trade buy pnl=1.3048 equity=10897.47
closed paper trade sell pnl=1.3928 equity=10898.86
closed paper trade buy pnl=1.3052 equity=10900.17
closed paper trade sell pnl=1.3037 equity=10901.47
closed paper trade sell pnl=0.4910 equity=10901.96
closed paper trade sell pnl=1.3641 equity=10903.33
closed paper trade sell pnl=1.4242 equity=10904.75
closed paper trade sell pnl=1.4276 equity=10906.18
closed paper trade sell pnl=1.3938 equity=10907.57
closed paper trade buy pnl=1.2343 equity=10908.81
closed paper trade sell pnl=1.2870 equity=10910.09
closed paper trade buy pnl=1.4149 equity=10911.51
closed paper trade sell pnl=1.3929 equity=10912.90
closed paper trade buy pnl=1.4317 equity=10914.33
closed paper trade buy pnl=1.3268 equity=10915.66
closed paper trade buy pnl=1.3286 equity=10916.99
closed paper trade buy pnl=1.2366 equity=10918.23
closed paper trade buy pnl=1.0590 equity=10919.29
closed paper trade buy pnl=1.4475 equity=10920.73
closed paper trade sell pnl=1.2214 equity=10921.95
closed paper trade sell pnl=1.4008 equity=10923.36
closed paper trade buy pnl=1.5599 equity=10924.92
closed paper trade buy pnl=1.3182 equity=10926.23
closed paper trade sell pnl=1.3655 equity=10927.60
closed paper trade sell pnl=1.4162 equity=10929.01
closed paper trade sell pnl=1.7315 equity=10930.75
closed paper trade sell pnl=1.2141 equity=10931.96
closed paper trade buy pnl=1.1356 equity=10933.10
closed paper trade buy pnl=1.5205 equity=10934.62
closed paper trade buy pnl=1.4199 equity=10936.04
closed paper trade buy pnl=1.4564 equity=10937.49
closed paper trade buy pnl=1.4137 equity=10938.91
closed paper trade buy pnl=1.2966 equity=10940.20
closed paper trade buy pnl=1.4091 equity=10941.61
closed paper trade sell pnl=1.3625 equity=10942.98
closed paper trade sell pnl=1.4167 equity=10944.39
closed paper trade sell pnl=1.7145 equity=10946.11
closed paper trade sell pnl=1.1617 equity=10947.27
closed paper trade buy pnl=1.3257 equity=10948.59
closed paper trade buy pnl=1.2648 equity=10949.86
closed paper trade buy pnl=1.3260 equity=10951.18
closed paper trade buy pnl=1.5775 equity=10952.76
closed paper trade buy pnl=1.5263 equity=10954.29
closed paper trade sell pnl=1.4720 equity=10955.76
closed paper trade sell pnl=1.3463 equity=10957.11
closed paper trade sell pnl=1.4184 equity=10958.52
closed paper trade buy pnl=1.3684 equity=10959.89
closed paper trade buy pnl=1.2926 equity=10961.19
closed paper trade sell pnl=1.5108 equity=10962.70
closed paper trade buy pnl=1.2845 equity=10963.98
closed paper trade buy pnl=1.4784 equity=10965.46
closed paper trade sell pnl=1.4458 equity=10966.91
closed paper trade sell pnl=1.2952 equity=10968.20
closed paper trade sell pnl=1.1887 equity=10969.39
closed paper trade sell pnl=1.4791 equity=10970.87
closed paper trade sell pnl=1.2891 equity=10972.16
closed paper trade sell pnl=1.3745 equity=10973.53
closed paper trade sell pnl=1.3452 equity=10974.88
closed paper trade sell pnl=1.3749 equity=10976.25
closed paper trade sell pnl=1.2996 equity=10977.55
closed paper trade buy pnl=1.3145 equity=10978.87
closed paper trade buy pnl=1.5136 equity=10980.38
closed paper trade buy pnl=1.2684 equity=10981.65
closed paper trade sell pnl=1.5399 equity=10983.19
closed paper trade sell pnl=1.3102 equity=10984.50
closed paper trade sell pnl=1.5453 equity=10986.04
closed paper trade buy pnl=1.4100 equity=10987.45
closed paper trade buy pnl=1.4534 equity=10988.91
closed paper trade buy pnl=1.5398 equity=10990.45
closed paper trade sell pnl=1.3341 equity=10991.78
closed paper trade sell pnl=1.2357 equity=10993.02
closed paper trade buy pnl=1.4458 equity=10994.46
closed paper trade buy pnl=1.2932 equity=10995.76
closed paper trade buy pnl=1.3448 equity=10997.10
closed paper trade buy pnl=1.6390 equity=10998.74
closed paper trade buy pnl=1.3137 equity=11000.05
closed paper trade sell pnl=1.2547 equity=11001.31
closed paper trade buy pnl=1.5713 equity=11002.88
closed paper trade buy pnl=1.5616 equity=11004.44
closed paper trade sell pnl=1.3276 equity=11005.77
closed paper trade sell pnl=1.3869 equity=11007.16
closed paper trade sell pnl=1.3871 equity=11008.54
closed paper trade sell pnl=1.2722 equity=11009.81
closed paper trade sell pnl=1.3957 equity=11011.21
closed paper trade buy pnl=1.5459 equity=11012.76
closed paper trade sell pnl=1.3353 equity=11014.09
closed paper trade sell pnl=1.4963 equity=11015.59
closed paper trade sell pnl=1.4325 equity=11017.02
closed paper trade sell pnl=1.3177 equity=11018.34
closed paper trade sell pnl=1.4279 equity=11019.77
closed paper trade buy pnl=1.4425 equity=11021.21
closed paper trade sell pnl=1.3511 equity=11022.56
closed paper trade buy pnl=1.6846 equity=11024.24
closed paper trade buy pnl=1.3088 equity=11025.55
closed paper trade buy pnl=1.5458 equity=11027.10
closed paper trade sell pnl=1.4322 equity=11028.53
closed paper trade buy pnl=1.3408 equity=11029.87
closed paper trade sell pnl=1.1799 equity=11031.05
closed paper trade sell pnl=1.2606 equity=11032.31
closed paper trade buy pnl=1.3909 equity=11033.70
closed paper trade sell pnl=1.7768 equity=11035.48
closed paper trade sell pnl=1.3693 equity=11036.85
closed paper trade buy pnl=1.0607 equity=11037.91
closed paper trade sell pnl=1.2088 equity=11039.12
closed paper trade sell pnl=1.2796 equity=11040.40
closed paper trade buy pnl=1.0394 equity=11041.44
closed paper trade sell pnl=1.3733 equity=11042.81
closed paper trade sell pnl=1.3636 equity=11044.17
closed paper trade sell pnl=1.3901 equity=11045.56
closed paper trade sell pnl=1.5558 equity=11047.12
closed paper trade buy pnl=1.7276 equity=11048.85
closed paper trade buy pnl=1.3649 equity=11050.21
closed paper trade sell pnl=1.2941 equity=11051.51
closed paper trade buy pnl=1.3387 equity=11052.85
closed paper trade buy pnl=1.3073 equity=11054.15
closed paper trade buy pnl=1.3423 equity=11055.50
closed paper trade sell pnl=1.4835 equity=11056.98
closed paper trade buy pnl=1.3393 equity=11058.32
closed paper trade buy pnl=1.5087 equity=11059.83
closed paper trade sell pnl=1.4298 equity=11061.26
closed paper trade sell pnl=1.3889 equity=11062.65
closed paper trade buy pnl=1.3732 equity=11064.02
closed paper trade buy pnl=1.3999 equity=11065.42
closed paper trade sell pnl=1.6442 equity=11067.06
closed paper trade sell pnl=1.3683 equity=11068.43
closed paper trade sell pnl=1.3931 equity=11069.82
closed paper trade buy pnl=1.4422 equity=11071.27
closed paper trade sell pnl=1.4050 equity=11072.67
closed paper trade buy pnl=1.4010 equity=11074.07
closed paper trade buy pnl=1.4311 equity=11075.50
closed paper trade buy pnl=1.4147 equity=11076.92
closed paper trade sell pnl=1.3925 equity=11078.31
closed paper trade buy pnl=1.4450 equity=11079.76
closed paper trade buy pnl=1.4102 equity=11081.17
closed paper trade sell pnl=1.6730 equity=11082.84
closed paper trade sell pnl=1.4230 equity=11084.26
closed paper trade buy pnl=1.3575 equity=11085.62
closed paper trade buy pnl=1.5326 equity=11087.15
closed paper trade sell pnl=1.4252 equity=11088.58
closed paper trade sell pnl=1.3610 equity=11089.94
closed paper trade buy pnl=1.3965 equity=11091.33
closed paper trade buy pnl=1.4383 equity=11092.77
closed paper trade sell pnl=1.4637 equity=11094.24
closed paper trade sell pnl=1.2282 equity=11095.47
closed paper trade buy pnl=1.3423 equity=11096.81
closed paper trade sell pnl=1.4412 equity=11098.25
closed paper trade sell pnl=1.5865 equity=11099.84
closed paper trade sell pnl=1.3789 equity=11101.21
closed paper trade sell pnl=1.5342 equity=11102.75
closed paper trade buy pnl=1.5649 equity=11104.31
closed paper trade sell pnl=1.3613 equity=11105.67
closed paper trade sell pnl=1.2312 equity=11106.91
closed paper trade sell pnl=1.1836 equity=11108.09
closed paper trade sell pnl=1.4903 equity=11109.58
closed paper trade sell pnl=1.3538 equity=11110.93
closed paper trade sell pnl=1.5072 equity=11112.44
closed paper trade sell pnl=1.4036 equity=11113.84
closed paper trade sell pnl=1.4054 equity=11115.25
closed paper trade sell pnl=1.4171 equity=11116.67
closed paper trade sell pnl=1.4783 equity=11118.14
closed paper trade sell pnl=1.3960 equity=11119.54
closed paper trade buy pnl=1.4136 equity=11120.95
closed paper trade buy pnl=1.4071 equity=11122.36
closed paper trade sell pnl=1.3982 equity=11123.76
closed paper trade buy pnl=1.4908 equity=11125.25
closed paper trade sell pnl=1.3903 equity=11126.64
closed paper trade sell pnl=1.3971 equity=11128.04
closed paper trade buy pnl=1.3230 equity=11129.36
closed paper trade sell pnl=1.3364 equity=11130.70
closed paper trade sell pnl=1.5627 equity=11132.26
closed paper trade sell pnl=1.3202 equity=11133.58
closed paper trade sell pnl=1.3699 equity=11134.95
closed paper trade sell pnl=1.5848 equity=11136.54
closed paper trade buy pnl=1.5609 equity=11138.10
closed paper trade sell pnl=1.4894 equity=11139.59
closed paper trade buy pnl=1.3411 equity=11140.93
closed paper trade buy pnl=1.4146 equity=11142.34
closed paper trade sell pnl=1.3397 equity=11143.68
closed paper trade buy pnl=1.3816 equity=11145.06
closed paper trade sell pnl=1.2657 equity=11146.33
closed paper trade sell pnl=1.3946 equity=11147.72
closed paper trade sell pnl=1.2940 equity=11149.02
closed paper trade buy pnl=1.3773 equity=11150.39
closed paper trade sell pnl=1.4463 equity=11151.84
closed paper trade sell pnl=1.4201 equity=11153.26
closed paper trade sell pnl=1.3078 equity=11154.57
closed paper trade buy pnl=1.5599 equity=11156.13
closed paper trade sell pnl=1.4966 equity=11157.62
closed paper trade sell pnl=1.6538 equity=11159.28
closed paper trade sell pnl=1.2358 equity=11160.51
closed paper trade buy pnl=1.3603 equity=11161.87
closed paper trade buy pnl=1.2335 equity=11163.11
closed paper trade sell pnl=0.7077 equity=11163.82
closed paper trade sell pnl=1.8780 equity=11165.69
closed paper trade buy pnl=1.4195 equity=11167.11
closed paper trade sell pnl=1.1653 equity=11168.28
closed paper trade sell pnl=1.3196 equity=11169.60
closed paper trade buy pnl=1.4651 equity=11171.06
closed paper trade buy pnl=1.2764 equity=11172.34
closed paper trade buy pnl=1.3534 equity=11173.69
closed paper trade sell pnl=1.5287 equity=11175.22
closed paper trade buy pnl=1.2467 equity=11176.47
closed paper trade buy pnl=1.2903 equity=11177.76
closed paper trade buy pnl=1.4745 equity=11179.23
closed paper trade sell pnl=1.2330 equity=11180.47
closed paper trade buy pnl=1.3444 equity=11181.81
closed paper trade buy pnl=1.4315 equity=11183.24
closed paper trade sell pnl=1.4440 equity=11184.69
closed paper trade buy pnl=1.3415 equity=11186.03
closed paper trade buy pnl=1.5476 equity=11187.58
closed paper trade buy pnl=1.4691 equity=11189.04
closed paper trade buy pnl=1.3889 equity=11190.43
closed paper trade sell pnl=1.3935 equity=11191.83
closed paper trade buy pnl=1.3809 equity=11193.21
closed paper trade buy pnl=1.3877 equity=11194.60
closed paper trade sell pnl=1.3608 equity=11195.96
closed paper trade buy pnl=1.4149 equity=11197.37
closed paper trade sell pnl=1.2171 equity=11198.59
closed paper trade buy pnl=1.4721 equity=11200.06
closed paper trade buy pnl=1.4539 equity=11201.51
closed paper trade sell pnl=1.3435 equity=11202.86
closed paper trade sell pnl=1.1583 equity=11204.02
closed paper trade buy pnl=1.5965 equity=11205.61
closed paper trade sell pnl=1.3207 equity=11206.93
closed paper trade buy pnl=1.4414 equity=11208.37
closed paper trade sell pnl=1.0205 equity=11209.40
closed paper trade sell pnl=1.4207 equity=11210.82
closed paper trade buy pnl=0.5951 equity=11211.41
closed paper trade sell pnl=1.2663 equity=11212.68
closed paper trade sell pnl=1.7475 equity=11214.43
closed paper trade buy pnl=1.4072 equity=11215.83
closed paper trade sell pnl=1.7169 equity=11217.55
closed paper trade buy pnl=1.7163 equity=11219.27
closed paper trade buy pnl=1.2057 equity=11220.47
closed paper trade buy pnl=1.4619 equity=11221.93
Booting hermes-trading worker | asset=ETH/USDT:USDT | mode=paper | 
strategy=v191
closed paper trade sell pnl=107.1024 equity=10107.10
closed paper trade buy pnl=100.3661 equity=10207.47
closed paper trade sell pnl=119.8723 equity=10327.34
closed paper trade sell pnl=104.2327 equity=10431.57
closed paper trade buy pnl=133.1452 equity=10564.72
closed paper trade buy pnl=100.0961 equity=10664.81
closed paper trade buy pnl=108.9760 equity=10773.79
closed paper trade sell pnl=113.3486 equity=10887.14
closed paper trade buy pnl=124.3276 equity=11011.47
closed paper trade sell pnl=104.8568 equity=11116.32
closed paper trade sell pnl=118.2676 equity=11234.59
closed paper trade sell pnl=117.2619 equity=11351.85
closed paper trade sell pnl=96.4985 equity=11448.35
closed paper trade buy pnl=124.5284 equity=11572.88
closed paper trade buy pnl=115.2002 equity=11688.08
closed paper trade sell pnl=119.4912 equity=11807.57
closed paper trade buy pnl=126.3125 equity=11933.88
closed paper trade buy pnl=120.2244 equity=12054.11
closed paper trade buy pnl=120.8574 equity=12174.97
closed paper trade sell pnl=126.0608 equity=12301.03
closed paper trade sell pnl=134.0852 equity=12435.11
closed paper trade sell pnl=103.4810 equity=12538.59
closed paper trade buy pnl=114.2777 equity=12652.87
closed paper trade buy pnl=123.3582 equity=12776.23
closed paper trade sell pnl=77.1892 equity=12853.42
closed paper trade buy pnl=125.9378 equity=12979.36
closed paper trade sell pnl=88.5608 equity=13067.92
closed paper trade buy pnl=141.9909 equity=13209.91
closed paper trade sell pnl=140.5389 equity=13350.45
closed paper trade buy pnl=139.4629 equity=13489.91
closed paper trade sell pnl=120.4419 equity=13610.35
closed paper trade sell pnl=117.8049 equity=13728.16
closed paper trade sell pnl=136.5990 equity=13864.76
closed paper trade sell pnl=139.7681 equity=14004.52
closed paper trade sell pnl=148.6618 equity=14153.19
closed paper trade sell pnl=171.2584 equity=14324.44
closed paper trade buy pnl=147.9227 equity=14472.37
closed paper trade buy pnl=164.2437 equity=14636.61
closed paper trade buy pnl=141.1245 equity=14777.73
closed paper trade buy pnl=157.7566 equity=14935.49
closed paper trade sell pnl=113.8014 equity=15049.29
closed paper trade sell pnl=136.1591 equity=15185.45
closed paper trade sell pnl=153.4439 equity=15338.90
closed paper trade sell pnl=155.9054 equity=15494.80
closed paper trade buy pnl=146.0555 equity=15640.86
closed paper trade buy pnl=151.1822 equity=15792.04
closed paper trade buy pnl=160.9896 equity=15953.03
closed paper trade sell pnl=154.9401 equity=16107.97
closed paper trade buy pnl=147.1540 equity=16255.12
closed paper trade buy pnl=152.5995 equity=16407.72
closed paper trade sell pnl=188.3177 equity=16596.04
closed paper trade buy pnl=223.7023 equity=16819.74
closed paper trade buy pnl=163.3642 equity=16983.11
closed paper trade buy pnl=169.0473 equity=17152.15
closed paper trade sell pnl=164.7241 equity=17316.88
closed paper trade sell pnl=167.7525 equity=17484.63
closed paper trade buy pnl=177.6242 equity=17662.25
closed paper trade sell pnl=133.2940 equity=17795.55
closed paper trade sell pnl=213.1811 equity=18008.73
closed paper trade sell pnl=163.0469 equity=18171.78
closed paper trade sell pnl=166.9163 equity=18338.69
closed paper trade sell pnl=186.4187 equity=18525.11
closed paper trade buy pnl=212.8018 equity=18737.91
closed paper trade buy pnl=164.1302 equity=18902.04
closed paper trade sell pnl=235.2794 equity=19137.32
closed paper trade sell pnl=203.2321 equity=19340.55
closed paper trade buy pnl=123.9445 equity=19464.50
closed paper trade buy pnl=112.5601 equity=19577.06
closed paper trade sell pnl=172.4379 equity=19749.50
closed paper trade sell pnl=162.3017 equity=19911.80
closed paper trade buy pnl=190.6984 equity=20102.50
closed paper trade buy pnl=226.4236 equity=20328.92
closed paper trade sell pnl=97.5943 equity=20426.52
closed paper trade sell pnl=223.3025 equity=20649.82
closed paper trade sell pnl=160.6796 equity=20810.50
closed paper trade sell pnl=190.3787 equity=21000.88
closed paper trade buy pnl=198.3683 equity=21199.24
closed paper trade buy pnl=255.8860 equity=21455.13
closed paper trade sell pnl=210.4021 equity=21665.53
closed paper trade sell pnl=191.4662 equity=21857.00
closed paper trade buy pnl=204.1020 equity=22061.10
closed paper trade buy pnl=257.4096 equity=22318.51
closed paper trade sell pnl=221.0079 equity=22539.52
closed paper trade sell pnl=231.2716 equity=22770.79
closed paper trade sell pnl=322.5873 equity=23093.38
closed paper trade buy pnl=220.3567 equity=23313.73
closed paper trade buy pnl=213.1798 equity=23526.91
closed paper trade sell pnl=209.6222 equity=23736.54
closed paper trade buy pnl=224.2245 equity=23960.76
closed paper trade sell pnl=293.9500 equity=24254.71
closed paper trade buy pnl=239.6648 equity=24494.37
closed paper trade sell pnl=210.2797 equity=24704.65
closed paper trade sell pnl=231.9080 equity=24936.56
closed paper trade buy pnl=227.9974 equity=25164.56
closed paper trade buy pnl=206.0570 equity=25370.62
closed paper trade buy pnl=247.6120 equity=25618.23
closed paper trade buy pnl=269.8679 equity=25888.10
closed paper trade sell pnl=253.5563 equity=26141.65
closed paper trade buy pnl=261.7808 equity=26403.43
closed paper trade sell pnl=262.0870 equity=26665.52
closed paper trade sell pnl=273.3132 equity=26938.83
closed paper trade sell pnl=257.7223 equity=27196.56
closed paper trade buy pnl=320.3396 equity=27516.90
closed paper trade sell pnl=306.9837 equity=27823.88
closed paper trade buy pnl=279.6378 equity=28103.52
closed paper trade buy pnl=280.0733 equity=28383.59
closed paper trade buy pnl=294.1744 equity=28677.77
closed paper trade buy pnl=294.4516 equity=28972.22
closed paper trade buy pnl=270.5428 equity=29242.76
closed paper trade buy pnl=253.6360 equity=29496.40
closed paper trade sell pnl=268.0698 equity=29764.47
closed paper trade buy pnl=276.1168 equity=30040.58
closed paper trade sell pnl=250.7562 equity=30291.34
closed paper trade buy pnl=336.9547 equity=30628.29
closed paper trade buy pnl=501.7569 equity=31130.05
closed paper trade sell pnl=309.0093 equity=31439.06
closed paper trade sell pnl=357.3609 equity=31796.42
closed paper trade buy pnl=309.6185 equity=32106.04
closed paper trade buy pnl=330.4013 equity=32436.44
closed paper trade sell pnl=347.1026 equity=32783.54
closed paper trade sell pnl=348.8584 equity=33132.40
closed paper trade buy pnl=586.6642 equity=33719.07
closed paper trade buy pnl=383.0145 equity=34102.08
closed paper trade sell pnl=-84.0947 equity=34017.99
closed paper trade sell pnl=124.3382 equity=34142.32
closed paper trade buy pnl=473.1626 equity=34615.49
closed paper trade buy pnl=805.8282 equity=35421.31
closed paper trade sell pnl=630.5938 equity=36051.91
closed paper trade sell pnl=494.7709 equity=36546.68
closed paper trade buy pnl=417.2900 equity=36963.97
closed paper trade buy pnl=472.1285 equity=37436.10
closed paper trade sell pnl=411.0422 equity=37847.14
closed paper trade sell pnl=244.9502 equity=38092.09
closed paper trade buy pnl=261.2430 equity=38353.33
closed paper trade sell pnl=406.4501 equity=38759.78
closed paper trade sell pnl=456.5278 equity=39216.31
closed paper trade buy pnl=529.7008 equity=39746.01
closed paper trade buy pnl=442.1026 equity=40188.11
closed paper trade sell pnl=497.3807 equity=40685.49
closed paper trade buy pnl=501.1496 equity=41186.64
closed paper trade sell pnl=598.0582 equity=41784.70
closed paper trade sell pnl=553.3023 equity=42338.01
closed paper trade buy pnl=501.2377 equity=42839.24
closed paper trade buy pnl=495.5483 equity=43334.79
closed paper trade sell pnl=335.1245 equity=43669.92
closed paper trade sell pnl=517.1290 equity=44187.04
closed paper trade buy pnl=691.8103 equity=44878.85
closed paper trade buy pnl=433.2757 equity=45312.13
closed paper trade buy pnl=448.0043 equity=45760.13
closed paper trade buy pnl=310.3213 equity=46070.46
closed paper trade buy pnl=410.8209 equity=46481.28
closed paper trade sell pnl=469.4953 equity=46950.77
closed paper trade sell pnl=449.7896 equity=47400.56
closed paper trade sell pnl=631.8291 equity=48032.39
closed paper trade sell pnl=533.0660 equity=48565.46
closed paper trade sell pnl=484.3691 equity=49049.83
closed paper trade buy pnl=568.4402 equity=49618.27
closed paper trade buy pnl=609.2777 equity=50227.54
closed paper trade sell pnl=393.8682 equity=50621.41
closed paper trade buy pnl=326.3829 equity=50947.80
closed paper trade sell pnl=510.4893 equity=51458.28
closed paper trade sell pnl=554.9420 equity=52013.23
closed paper trade sell pnl=492.8603 equity=52506.09
closed paper trade buy pnl=460.4062 equity=52966.49
closed paper trade buy pnl=376.6025 equity=53343.10
closed paper trade buy pnl=501.2034 equity=53844.30
closed paper trade buy pnl=534.2310 equity=54378.53
closed paper trade sell pnl=780.7273 equity=55159.26
closed paper trade sell pnl=630.6877 equity=55789.94
closed paper trade sell pnl=579.7189 equity=56369.66
closed paper trade buy pnl=835.7497 equity=57205.41
closed paper trade sell pnl=627.4109 equity=57832.82
closed paper trade buy pnl=531.9058 equity=58364.73
closed paper trade buy pnl=656.1001 equity=59020.83
closed paper trade buy pnl=578.0115 equity=59598.84
closed paper trade buy pnl=555.1253 equity=60153.97
closed paper trade sell pnl=566.5068 equity=60720.47
closed paper trade buy pnl=628.0086 equity=61348.48
closed paper trade sell pnl=701.3492 equity=62049.83
closed paper trade buy pnl=686.0908 equity=62735.92
closed paper trade buy pnl=593.7756 equity=63329.70
closed paper trade sell pnl=569.9592 equity=63899.66
closed paper trade buy pnl=536.7237 equity=64436.38
closed paper trade buy pnl=725.3738 equity=65161.75
closed paper trade sell pnl=549.4509 equity=65711.21
closed paper trade buy pnl=608.9920 equity=66320.20
closed paper trade buy pnl=709.9319 equity=67030.13
closed paper trade buy pnl=559.1656 equity=67589.30
closed paper trade buy pnl=698.2881 equity=68287.58
closed paper trade buy pnl=754.2426 equity=69041.83
closed paper trade buy pnl=754.4285 equity=69796.25
closed paper trade sell pnl=696.9157 equity=70493.17
closed paper trade buy pnl=751.2705 equity=71244.44
closed paper trade sell pnl=708.0736 equity=71952.51
closed paper trade buy pnl=604.6597 equity=72557.17
closed paper trade buy pnl=703.7637 equity=73260.94
closed paper trade sell pnl=681.4438 equity=73942.38
closed paper trade buy pnl=826.9992 equity=74769.38
closed paper trade buy pnl=758.4409 equity=75527.82
closed paper trade buy pnl=804.9382 equity=76332.76
closed paper trade sell pnl=834.5385 equity=77167.30
closed paper trade sell pnl=749.1061 equity=77916.40
closed paper trade buy pnl=445.5426 equity=78361.95
closed paper trade sell pnl=837.8320 equity=79199.78
closed paper trade buy pnl=768.1670 equity=79967.95
closed paper trade buy pnl=885.1650 equity=80853.11
closed paper trade buy pnl=1077.8042 equity=81930.92
closed paper trade buy pnl=854.0839 equity=82785.00
closed paper trade sell pnl=1018.2125 equity=83803.21
closed paper trade buy pnl=1074.6043 equity=84877.82
closed paper trade buy pnl=692.4172 equity=85570.23
closed paper trade sell pnl=1010.7539 equity=86580.99
closed paper trade sell pnl=795.3540 equity=87376.34
closed paper trade sell pnl=829.9800 equity=88206.32
closed paper trade sell pnl=914.4134 equity=89120.73
closed paper trade sell pnl=487.4408 equity=89608.18
closed paper trade buy pnl=96.7802 equity=89704.96
closed paper trade sell pnl=954.0092 equity=90658.96
closed paper trade sell pnl=1031.4783 equity=91690.44
closed paper trade sell pnl=760.3941 equity=92450.84
closed paper trade sell pnl=729.3827 equity=93180.22
closed paper trade sell pnl=860.3794 equity=94040.60
closed paper trade buy pnl=1155.9304 equity=95196.53
closed paper trade buy pnl=945.6481 equity=96142.18
closed paper trade sell pnl=1133.0104 equity=97275.19
closed paper trade sell pnl=918.4977 equity=98193.69
closed paper trade buy pnl=1365.7024 equity=99559.39
closed paper trade sell pnl=33.4057 equity=99592.79
closed paper trade sell pnl=667.8291 equity=100260.62
closed paper trade sell pnl=1109.9618 equity=101370.58
closed paper trade sell pnl=682.8331 equity=102053.42
closed paper trade buy pnl=1716.0994 equity=103769.52
closed paper trade sell pnl=1394.3892 equity=105163.91
closed paper trade sell pnl=1184.0592 equity=106347.97
closed paper trade buy pnl=1150.0372 equity=107498.00
closed paper trade buy pnl=1075.4765 equity=108573.48
closed paper trade sell pnl=822.8272 equity=109396.31
closed paper trade buy pnl=830.0191 equity=110226.33
closed paper trade sell pnl=833.9665 equity=111060.29
closed paper trade sell pnl=1108.8348 equity=112169.13
closed paper trade buy pnl=1235.2655 equity=113404.39
closed paper trade buy pnl=1231.2038 equity=114635.60
closed paper trade buy pnl=1144.3211 equity=115779.92
closed paper trade sell pnl=1049.3958 equity=116829.31
closed paper trade sell pnl=1265.9672 equity=118095.28
closed paper trade sell pnl=-386.5191 equity=117708.76
closed paper trade sell pnl=-233.2141 equity=117475.55
closed paper trade buy pnl=1233.8649 equity=118709.41
closed paper trade buy pnl=501.3106 equity=119210.72
closed paper trade sell pnl=2100.2829 equity=121311.01
closed paper trade buy pnl=2076.5999 equity=123387.61
closed paper trade sell pnl=1201.9942 equity=124589.60
closed paper trade buy pnl=440.0557 equity=125029.66
closed paper trade buy pnl=1310.7173 equity=126340.37
closed paper trade sell pnl=1090.4218 equity=127430.79
closed paper trade buy pnl=1188.7625 equity=128619.56
closed paper trade sell pnl=1322.1874 equity=129941.74
closed paper trade buy pnl=1449.8698 equity=131391.61
closed paper trade buy pnl=1000.3640 equity=132391.98
closed paper trade sell pnl=1208.4929 equity=133600.47
closed paper trade buy pnl=1162.3952 equity=134762.87
closed paper trade buy pnl=895.3904 equity=135658.26
closed paper trade buy pnl=2039.6014 equity=137697.86
closed paper trade sell pnl=-188.0620 equity=137509.80
closed paper trade sell pnl=415.1574 equity=137924.95
closed paper trade sell pnl=1479.6957 equity=139404.65
closed paper trade buy pnl=2136.8140 equity=141541.46
closed paper trade sell pnl=1072.0457 equity=142613.51
closed paper trade sell pnl=2121.0376 equity=144734.55
closed paper trade buy pnl=1847.0565 equity=146581.60
closed paper trade buy pnl=1929.6470 equity=148511.25
closed paper trade buy pnl=1657.8168 equity=150169.07
closed paper trade buy pnl=911.3758 equity=151080.44
closed paper trade buy pnl=818.8513 equity=151899.29
closed paper trade buy pnl=1553.1805 equity=153452.47
closed paper trade buy pnl=2137.2802 equity=155589.75
closed paper trade buy pnl=38.2890 equity=155628.04
closed paper trade sell pnl=1494.3758 equity=157122.42
closed paper trade sell pnl=1696.5868 equity=158819.01
closed paper trade sell pnl=1281.1321 equity=160100.14
closed paper trade sell pnl=1471.1592 equity=161571.30
closed paper trade sell pnl=1530.3514 equity=163101.65
closed paper trade sell pnl=1853.4833 equity=164955.13
closed paper trade sell pnl=2070.3243 equity=167025.46
closed paper trade buy pnl=1469.3098 equity=168494.77
closed paper trade buy pnl=2038.0924 equity=170532.86
closed paper trade buy pnl=1440.2702 equity=171973.13
closed paper trade buy pnl=1957.0793 equity=173930.21
closed paper trade buy pnl=1635.2683 equity=175565.48
closed paper trade sell pnl=1636.0936 equity=177201.57
closed paper trade buy pnl=1874.4162 equity=179075.99
closed paper trade sell pnl=1575.4491 equity=180651.44
closed paper trade buy pnl=1345.6514 equity=181997.09
closed paper trade buy pnl=2053.3595 equity=184050.45
closed paper trade sell pnl=1494.9610 equity=185545.41
closed paper trade buy pnl=2082.7768 equity=187628.18
closed paper trade buy pnl=652.0641 equity=188280.25
closed paper trade buy pnl=2532.4791 equity=190812.73
closed paper trade sell pnl=1562.5932 equity=192375.32
closed paper trade sell pnl=2019.3505 equity=194394.67
closed paper trade buy pnl=3344.8381 equity=197739.51
closed paper trade sell pnl=2792.9657 equity=200532.47
closed paper trade sell pnl=2945.5891 equity=203478.06
closed paper trade buy pnl=2027.0575 equity=205505.12
closed paper trade buy pnl=1499.1777 equity=207004.30
closed paper trade buy pnl=2085.0179 equity=209089.32
closed paper trade sell pnl=2018.7871 equity=211108.10
closed paper trade buy pnl=2483.1686 equity=213591.27
closed paper trade buy pnl=1083.9646 equity=214675.24
closed paper trade buy pnl=1782.2860 equity=216457.52
closed paper trade buy pnl=1385.7402 equity=217843.26
closed paper trade sell pnl=2181.9301 equity=220025.19
closed paper trade sell pnl=2107.3131 equity=222132.51
closed paper trade sell pnl=2056.9858 equity=224189.49
closed paper trade buy pnl=2424.1618 equity=226613.65
closed paper trade sell pnl=2475.4989 equity=229089.15
closed paper trade sell pnl=3209.6147 equity=232298.77
closed paper trade buy pnl=3195.1322 equity=235493.90
closed paper trade sell pnl=2338.0705 equity=237831.97
closed paper trade buy pnl=2300.7670 equity=240132.74
closed paper trade sell pnl=2529.0079 equity=242661.75
closed paper trade sell pnl=3291.0987 equity=245952.84
closed paper trade sell pnl=1952.4198 equity=247905.26
closed paper trade buy pnl=951.4465 equity=248856.71
closed paper trade sell pnl=3678.8042 equity=252535.51
closed paper trade buy pnl=3924.1063 equity=256459.62
closed paper trade sell pnl=2027.3427 equity=258486.96
closed paper trade sell pnl=2646.7257 equity=261133.69
closed paper trade sell pnl=3321.5345 equity=264455.22
closed paper trade buy pnl=3145.3190 equity=267600.54
closed paper trade buy pnl=2914.9234 equity=270515.47
closed paper trade buy pnl=2244.5206 equity=272759.99
closed paper trade buy pnl=3705.6032 equity=276465.59
closed paper trade buy pnl=4802.0444 equity=281267.63
closed paper trade buy pnl=3447.5846 equity=284715.22
closed paper trade sell pnl=2956.0070 equity=287671.23
closed paper trade sell pnl=3322.0144 equity=290993.24
closed paper trade buy pnl=2960.4202 equity=293953.66
closed paper trade sell pnl=1606.1004 equity=295559.76
closed paper trade sell pnl=4252.7056 equity=299812.47
closed paper trade buy pnl=3363.4575 equity=303175.92
closed paper trade buy pnl=3169.4024 equity=306345.33
closed paper trade sell pnl=3483.5642 equity=309828.89
closed paper trade sell pnl=2907.2536 equity=312736.14
closed paper trade buy pnl=3668.9842 equity=316405.13
closed paper trade buy pnl=3651.4018 equity=320056.53
closed paper trade buy pnl=1775.7433 equity=321832.27
closed paper trade buy pnl=2844.4148 equity=324676.69
closed paper trade sell pnl=3324.3518 equity=328001.04
closed paper trade buy pnl=3027.8925 equity=331028.93
closed paper trade buy pnl=3129.5091 equity=334158.44
closed paper trade buy pnl=3644.5250 equity=337802.97
closed paper trade sell pnl=2906.2274 equity=340709.19
closed paper trade buy pnl=2076.4988 equity=342785.69
closed paper trade buy pnl=3410.1390 equity=346195.83
closed paper trade buy pnl=2961.2460 equity=349157.08
closed paper trade buy pnl=3659.9299 equity=352817.01
closed paper trade buy pnl=4643.7393 equity=357460.75
closed paper trade sell pnl=6850.9764 equity=364311.72
closed paper trade buy pnl=4213.8241 equity=368525.55
closed paper trade sell pnl=4030.0999 equity=372555.65
closed paper trade sell pnl=3732.0372 equity=376287.68
closed paper trade sell pnl=3187.7964 equity=379475.48
closed paper trade buy pnl=3599.4745 equity=383074.96
closed paper trade sell pnl=3833.1235 equity=386908.08
closed paper trade sell pnl=3693.9415 equity=390602.02
closed paper trade sell pnl=3165.0504 equity=393767.07
closed paper trade buy pnl=3801.7929 equity=397568.86
closed paper trade sell pnl=5681.8034 equity=403250.67
closed paper trade sell pnl=4872.5087 equity=408123.18
closed paper trade sell pnl=2733.5031 equity=410856.68
closed paper trade sell pnl=4370.9489 equity=415227.63
closed paper trade buy pnl=4301.1400 equity=419528.77
closed paper trade buy pnl=4139.7680 equity=423668.54
closed paper trade sell pnl=3650.9846 equity=427319.52
closed paper trade buy pnl=2887.7056 equity=430207.23
closed paper trade sell pnl=4324.4349 equity=434531.66
closed paper trade sell pnl=4456.2059 equity=438987.87
closed paper trade buy pnl=4747.3882 equity=443735.26
closed paper trade buy pnl=3928.2933 equity=447663.55
closed paper trade sell pnl=4338.0733 equity=452001.62
closed paper trade sell pnl=4921.0530 equity=456922.67
closed paper trade buy pnl=5462.0724 equity=462384.75
closed paper trade buy pnl=4757.7016 equity=467142.45
closed paper trade buy pnl=4083.6026 equity=471226.05
closed paper trade sell pnl=3102.2199 equity=474328.27
closed paper trade sell pnl=4351.7461 equity=478680.02
closed paper trade sell pnl=4714.6171 equity=483394.63
closed paper trade buy pnl=4112.9190 equity=487507.55
closed paper trade sell pnl=5119.3836 equity=492626.94
closed paper trade buy pnl=7162.0076 equity=499788.94
closed paper trade sell pnl=5849.7804 equity=505638.73
closed paper trade sell pnl=5224.3212 equity=510863.05
closed paper trade buy pnl=5169.0498 equity=516032.10
closed paper trade sell pnl=5123.0507 equity=521155.15
closed paper trade sell pnl=5993.0171 equity=527148.16
closed paper trade buy pnl=5877.6670 equity=533025.83
closed paper trade sell pnl=4717.3142 equity=537743.15
closed paper trade sell pnl=4789.3540 equity=542532.50
closed paper trade buy pnl=6416.7420 equity=548949.24
closed paper trade buy pnl=6205.1803 equity=555154.42
closed paper trade sell pnl=5480.4308 equity=560634.85
closed paper trade buy pnl=9086.9944 equity=569721.85
closed paper trade buy pnl=4263.1309 equity=573984.98
closed paper trade sell pnl=4571.3274 equity=578556.30
closed paper trade buy pnl=15507.9300 equity=594064.23
closed paper trade sell pnl=5530.5493 equity=599594.78
closed paper trade buy pnl=5912.2486 equity=605507.03
closed paper trade buy pnl=3479.0757 equity=608986.11
closed paper trade sell pnl=5653.3425 equity=614639.45
closed paper trade buy pnl=7584.9621 equity=622224.41
closed paper trade buy pnl=5645.9158 equity=627870.33
closed paper trade buy pnl=7044.1412 equity=634914.47
closed paper trade buy pnl=6152.8350 equity=641067.30
closed paper trade sell pnl=7754.0781 equity=648821.38
closed paper trade buy pnl=7314.8165 equity=656136.20
closed paper trade buy pnl=5697.3495 equity=661833.55
closed paper trade buy pnl=9412.6731 equity=671246.22
closed paper trade sell pnl=7274.1434 equity=678520.37
closed paper trade buy pnl=8202.2558 equity=686722.62
closed paper trade buy pnl=7378.4903 equity=694101.11
closed paper trade sell pnl=6120.8458 equity=700221.96
closed paper trade sell pnl=8487.6903 equity=708709.65
closed paper trade buy pnl=5442.1490 equity=714151.80
closed paper trade sell pnl=7851.0447 equity=722002.84
closed paper trade buy pnl=9668.6038 equity=731671.45
closed paper trade buy pnl=7779.5589 equity=739451.00
closed paper trade buy pnl=9841.5625 equity=749292.57
closed paper trade sell pnl=6027.9993 equity=755320.57
closed paper trade buy pnl=10779.5286 equity=766100.09
closed paper trade buy pnl=18814.9912 equity=784915.09
closed paper trade sell pnl=11223.3515 equity=796138.44
closed paper trade buy pnl=6769.2791 equity=802907.72
closed paper trade buy pnl=5447.7350 equity=808355.45
closed paper trade buy pnl=361.3404 equity=808716.79
closed paper trade buy pnl=14895.2154 equity=823612.01
closed paper trade buy pnl=5794.7248 equity=829406.73
closed paper trade buy pnl=9536.7025 equity=838943.43
closed paper trade sell pnl=6289.2892 equity=845232.72
closed paper trade buy pnl=11427.2626 equity=856659.99
closed paper trade buy pnl=7920.4695 equity=864580.46
closed paper trade buy pnl=5358.8674 equity=869939.32
closed paper trade sell pnl=7289.7530 equity=877229.08
closed paper trade sell pnl=13068.2824 equity=890297.36
closed paper trade buy pnl=-10551.7956 equity=879745.56
closed paper trade sell pnl=5954.0382 equity=885699.60
closed paper trade buy pnl=18016.8869 equity=903716.49
closed paper trade buy pnl=11022.3708 equity=914738.86
closed paper trade sell pnl=8958.7929 equity=923697.65
closed paper trade buy pnl=1717.7237 equity=925415.38
closed paper trade sell pnl=9622.4208 equity=935037.80
closed paper trade buy pnl=10347.3854 equity=945385.18
closed paper trade buy pnl=10915.0450 equity=956300.23
closed paper trade sell pnl=4099.7015 equity=960399.93
closed paper trade buy pnl=11178.0931 equity=971578.02
closed paper trade sell pnl=9038.0552 equity=980616.08
closed paper trade sell pnl=9351.7041 equity=989967.78
closed paper trade buy pnl=8708.0501 equity=998675.83
closed paper trade sell pnl=10642.1296 equity=1009317.96
closed paper trade sell pnl=9274.0215 equity=1018591.98
closed paper trade buy pnl=13316.8910 equity=1031908.87
closed paper trade buy pnl=9379.9187 equity=1041288.79
closed paper trade sell pnl=12004.4996 equity=1053293.29
closed paper trade sell pnl=12318.7099 equity=1065612.00
closed paper trade sell pnl=9159.4245 equity=1074771.43
closed paper trade buy pnl=12209.8224 equity=1086981.25
closed paper trade buy pnl=7993.2419 equity=1094974.49
closed paper trade buy pnl=7562.2138 equity=1102536.70
closed paper trade buy pnl=15465.1444 equity=1118001.85
closed paper trade sell pnl=12209.5063 equity=1130211.35
closed paper trade sell pnl=8700.5495 equity=1138911.90
closed paper trade sell pnl=13415.8054 equity=1152327.71
closed paper trade sell pnl=14284.7951 equity=1166612.50
closed paper trade buy pnl=9019.8127 equity=1175632.32
closed paper trade sell pnl=15510.8320 equity=1191143.15
closed paper trade sell pnl=9501.6239 equity=1200644.77
closed paper trade sell pnl=9707.9027 equity=1210352.68
closed paper trade buy pnl=17963.8784 equity=1228316.55
closed paper trade buy pnl=12907.8298 equity=1241224.38
closed paper trade buy pnl=3871.5394 equity=1245095.92
closed paper trade sell pnl=10565.1383 equity=1255661.06
closed paper trade buy pnl=9932.4816 equity=1265593.54
closed paper trade buy pnl=13116.1275 equity=1278709.67
closed paper trade sell pnl=8497.6111 equity=1287207.28
closed paper trade sell pnl=12751.0274 equity=1299958.31
closed paper trade sell pnl=19838.7208 equity=1319797.03
closed paper trade sell pnl=14406.6476 equity=1334203.68
closed paper trade buy pnl=21406.9641 equity=1355610.64
closed paper trade sell pnl=19415.6421 equity=1375026.28
closed paper trade sell pnl=13299.7188 equity=1388326.00
closed paper trade buy pnl=14668.0082 equity=1402994.01
closed paper trade sell pnl=10834.8347 equity=1413828.84
closed paper trade buy pnl=12943.9854 equity=1426772.83
closed paper trade buy pnl=14211.6872 equity=1440984.52
closed paper trade buy pnl=11968.3900 equity=1452952.91
closed paper trade buy pnl=18993.7414 equity=1471946.65
closed paper trade sell pnl=21601.3796 equity=1493548.03
closed paper trade sell pnl=18106.7456 equity=1511654.77
closed paper trade sell pnl=16719.0046 equity=1528373.78
closed paper trade buy pnl=17863.9665 equity=1546237.75
closed paper trade sell pnl=15436.8357 equity=1561674.58
closed paper trade sell pnl=17893.4755 equity=1579568.06
closed paper trade buy pnl=18707.4424 equity=1598275.50
closed paper trade sell pnl=28270.2224 equity=1626545.72
closed paper trade buy pnl=18298.3752 equity=1644844.10
closed paper trade sell pnl=16658.7215 equity=1661502.82
closed paper trade sell pnl=17066.9592 equity=1678569.78
closed paper trade buy pnl=14272.5531 equity=1692842.33
closed paper trade sell pnl=14549.6741 equity=1707392.00
closed paper trade sell pnl=10811.4027 equity=1718203.41
closed paper trade sell pnl=22863.3481 equity=1741066.76
closed paper trade buy pnl=17127.6717 equity=1758194.43
closed paper trade sell pnl=21689.2876 equity=1779883.71
closed paper trade buy pnl=17708.6909 equity=1797592.41
closed paper trade sell pnl=16889.2717 equity=1814481.68
closed paper trade buy pnl=19760.1466 equity=1834241.82
closed paper trade buy pnl=16626.1237 equity=1850867.95
closed paper trade buy pnl=17896.0437 equity=1868763.99
closed paper trade sell pnl=12841.8832 equity=1881605.87
closed paper trade sell pnl=19452.5484 equity=1901058.42
closed paper trade buy pnl=19361.7521 equity=1920420.17
closed paper trade buy pnl=19343.6883 equity=1939763.86
closed paper trade buy pnl=17191.3983 equity=1956955.26
closed paper trade buy pnl=20128.4780 equity=1977083.74
closed paper trade buy pnl=19162.3305 equity=1996246.07
closed paper trade sell pnl=18713.4649 equity=2014959.53
closed paper trade sell pnl=26967.3780 equity=2041926.91
closed paper trade buy pnl=21643.3321 equity=2063570.24
closed paper trade buy pnl=18219.8400 equity=2081790.08
closed paper trade buy pnl=23864.0537 equity=2105654.14
closed paper trade sell pnl=21629.4485 equity=2127283.59
closed paper trade buy pnl=14230.8010 equity=2141514.39
closed paper trade sell pnl=16256.9681 equity=2157771.36
closed paper trade sell pnl=5578.8594 equity=2163350.22
closed paper trade sell pnl=13762.7439 equity=2177112.96
closed paper trade sell pnl=19226.9476 equity=2196339.91
closed paper trade sell pnl=25137.4611 equity=2221477.37
closed paper trade sell pnl=18805.2419 equity=2240282.61
closed paper trade sell pnl=22142.5286 equity=2262425.14
closed paper trade buy pnl=7908.9805 equity=2270334.12
closed paper trade sell pnl=31276.6663 equity=2301610.79
closed paper trade sell pnl=21139.0151 equity=2322749.80
closed paper trade buy pnl=20219.7270 equity=2342969.53
closed paper trade sell pnl=21883.6766 equity=2364853.20
closed paper trade buy pnl=18311.2264 equity=2383164.43
closed paper trade sell pnl=22151.3802 equity=2405315.81
closed paper trade sell pnl=29358.6864 equity=2434674.50
closed paper trade sell pnl=19946.1980 equity=2454620.70
closed paper trade sell pnl=24314.8647 equity=2478935.56
closed paper trade sell pnl=21694.0101 equity=2500629.57
closed paper trade sell pnl=26464.0000 equity=2527093.57
closed paper trade sell pnl=25565.7163 equity=2552659.29
closed paper trade buy pnl=29663.0760 equity=2582322.36
closed paper trade sell pnl=29819.0251 equity=2612141.39
closed paper trade buy pnl=26252.6037 equity=2638393.99
closed paper trade buy pnl=23619.9648 equity=2662013.96
closed paper trade sell pnl=27491.4277 equity=2689505.38
closed paper trade buy pnl=36398.0147 equity=2725903.40
closed paper trade sell pnl=33132.4988 equity=2759035.90
closed paper trade sell pnl=44173.3367 equity=2803209.23
closed paper trade buy pnl=24585.9983 equity=2827795.23
closed paper trade sell pnl=23988.8231 equity=2851784.06
closed paper trade buy pnl=27989.6444 equity=2879773.70
closed paper trade buy pnl=32009.2629 equity=2911782.96
closed paper trade buy pnl=19944.1017 equity=2931727.06
closed paper trade buy pnl=34886.2318 equity=2966613.30
closed paper trade buy pnl=35497.8051 equity=3002111.10
closed paper trade sell pnl=54663.2585 equity=3056774.36
closed paper trade buy pnl=40685.5487 equity=3097459.91
closed paper trade buy pnl=24068.6223 equity=3121528.53
closed paper trade sell pnl=30643.2253 equity=3152171.76
closed paper trade sell pnl=28911.4695 equity=3181083.23
closed paper trade buy pnl=29720.3278 equity=3210803.55
closed paper trade sell pnl=14601.2655 equity=3225404.82
closed paper trade sell pnl=37111.9077 equity=3262516.73
closed paper trade sell pnl=35045.3501 equity=3297562.08
closed paper trade sell pnl=29464.8775 equity=3327026.95
closed paper trade sell pnl=30287.8151 equity=3357314.77
closed paper trade buy pnl=25434.0097 equity=3382748.78
closed paper trade sell pnl=41991.2586 equity=3424740.04
closed paper trade buy pnl=16850.4998 equity=3441590.54
closed paper trade buy pnl=31359.7940 equity=3472950.33
closed paper trade buy pnl=37889.3149 equity=3510839.65
closed paper trade buy pnl=20507.9874 equity=3531347.63
closed paper trade sell pnl=32985.2054 equity=3564332.84
closed paper trade buy pnl=33305.8314 equity=3597638.67
closed paper trade buy pnl=46766.2019 equity=3644404.87
closed paper trade sell pnl=36344.6881 equity=3680749.56
closed paper trade sell pnl=39605.3077 equity=3720354.87
closed paper trade sell pnl=26549.8349 equity=3746904.70
closed paper trade buy pnl=45136.6563 equity=3792041.36
closed paper trade buy pnl=41678.0456 equity=3833719.40
closed paper trade sell pnl=44728.0592 equity=3878447.46
closed paper trade buy pnl=38803.3400 equity=3917250.80
closed paper trade buy pnl=46310.5533 equity=3963561.36
closed paper trade sell pnl=41663.5974 equity=4005224.95
closed paper trade sell pnl=44127.9180 equity=4049352.87
closed paper trade sell pnl=35423.9979 equity=4084776.87
closed paper trade buy pnl=38087.4849 equity=4122864.36
closed paper trade buy pnl=48032.3810 equity=4170896.74
closed paper trade sell pnl=51156.0885 equity=4222052.83
closed paper trade buy pnl=31431.4629 equity=4253484.29
closed paper trade buy pnl=49677.9233 equity=4303162.21
closed paper trade buy pnl=26103.3860 equity=4329265.60
closed paper trade sell pnl=35755.5022 equity=4365021.10
closed paper trade buy pnl=50734.5041 equity=4415755.60
closed paper trade buy pnl=45485.9304 equity=4461241.53
closed paper trade buy pnl=33460.8420 equity=4494702.38
closed paper trade buy pnl=50043.8288 equity=4544746.20
closed paper trade buy pnl=35986.3439 equity=4580732.55
closed paper trade buy pnl=40553.4458 equity=4621285.99
closed paper trade sell pnl=88714.8651 equity=4710000.86
closed paper trade sell pnl=65089.4424 equity=4775090.30
closed paper trade buy pnl=55730.6815 equity=4830820.98
closed paper trade sell pnl=47903.0470 equity=4878724.03
closed paper trade sell pnl=34710.8009 equity=4913434.83
closed paper trade buy pnl=58437.3267 equity=4971872.16
closed paper trade buy pnl=55594.0883 equity=5027466.25
closed paper trade buy pnl=29612.9579 equity=5057079.20
closed paper trade sell pnl=43497.0249 equity=5100576.23
closed paper trade sell pnl=-1760.2334 equity=5098816.00
closed paper trade buy pnl=79883.1406 equity=5178699.14
closed paper trade sell pnl=58243.9004 equity=5236943.04
closed paper trade sell pnl=92022.3349 equity=5328965.37
closed paper trade buy pnl=58426.1894 equity=5387391.56
closed paper trade buy pnl=25314.6164 equity=5412706.18
closed paper trade sell pnl=62635.8181 equity=5475342.00
closed paper trade buy pnl=49635.4078 equity=5524977.40
closed paper trade buy pnl=66991.0488 equity=5591968.45
closed paper trade sell pnl=104943.7074 equity=5696912.16
closed paper trade buy pnl=61100.2737 equity=5758012.43
closed paper trade buy pnl=25684.5891 equity=5783697.02
closed paper trade buy pnl=37070.6132 equity=5820767.64
closed paper trade sell pnl=32885.2581 equity=5853652.89
closed paper trade buy pnl=77978.0748 equity=5931630.97
closed paper trade sell pnl=73746.1769 equity=6005377.15
closed paper trade buy pnl=76454.8942 equity=6081832.04
closed paper trade buy pnl=96108.7883 equity=6177940.83
closed paper trade buy pnl=26964.2707 equity=6204905.10
closed paper trade buy pnl=60459.8031 equity=6265364.90
closed paper trade buy pnl=81856.6057 equity=6347221.51
closed paper trade sell pnl=83737.8370 equity=6430959.34
closed paper trade sell pnl=55911.0806 equity=6486870.42
closed paper trade sell pnl=25371.3312 equity=6512241.76
closed paper trade buy pnl=38213.4319 equity=6550455.19
closed paper trade sell pnl=106746.4178 equity=6657201.61
closed paper trade buy pnl=63961.8360 equity=6721163.44
closed paper trade buy pnl=64498.5534 equity=6785662.00
closed paper trade sell pnl=53884.8216 equity=6839546.82
closed paper trade sell pnl=46653.5955 equity=6886200.41
closed paper trade sell pnl=59881.3348 equity=6946081.75
closed paper trade sell pnl=61168.0129 equity=7007249.76
closed paper trade buy pnl=215772.4725 equity=7223022.23
closed paper trade sell pnl=68447.4355 equity=7291469.67
closed paper trade buy pnl=107911.2044 equity=7399380.87
closed paper trade sell pnl=106868.7171 equity=7506249.59
closed paper trade sell pnl=21478.7670 equity=7527728.36
closed paper trade buy pnl=100685.2135 equity=7628413.57
closed paper trade sell pnl=3280.5078 equity=7631694.08
closed paper trade sell pnl=176318.0563 equity=7808012.13
closed paper trade sell pnl=111157.8022 equity=7919169.94
closed paper trade sell pnl=140581.3797 equity=8059751.32
closed paper trade buy pnl=112968.1707 equity=8172719.49
closed paper trade buy pnl=80451.4092 equity=8253170.90
closed paper trade sell pnl=138526.4655 equity=8391697.36
closed paper trade sell pnl=71929.0370 equity=8463626.40
closed paper trade sell pnl=125912.9566 equity=8589539.36
closed paper trade buy pnl=159608.4260 equity=8749147.78
closed paper trade sell pnl=70323.4928 equity=8819471.27
closed paper trade sell pnl=127438.6148 equity=8946909.89
closed paper trade buy pnl=100266.7305 equity=9047176.62
closed paper trade sell pnl=114640.8701 equity=9161817.49
closed paper trade sell pnl=57327.7514 equity=9219145.24
closed paper trade buy pnl=89024.9267 equity=9308170.17
closed paper trade buy pnl=99361.3304 equity=9407531.50
closed paper trade buy pnl=119850.6969 equity=9527382.19
closed paper trade buy pnl=109587.7580 equity=9636969.95
closed paper trade buy pnl=74417.6570 equity=9711387.61
closed paper trade sell pnl=93636.2513 equity=9805023.86
closed paper trade sell pnl=117813.0069 equity=9922836.87
closed paper trade buy pnl=116553.6892 equity=10039390.56
closed paper trade buy pnl=44507.8086 equity=10083898.37
closed paper trade sell pnl=238520.3145 equity=10322418.68
closed paper trade sell pnl=50833.7246 equity=10373252.40
closed paper trade buy pnl=120655.9410 equity=10493908.35
closed paper trade sell pnl=126287.8141 equity=10620196.16
closed paper trade buy pnl=108826.3994 equity=10729022.56
closed paper trade sell pnl=63903.7568 equity=10792926.32
closed paper trade buy pnl=135872.4885 equity=10928798.80
closed paper trade buy pnl=121812.5200 equity=11050611.32
closed paper trade buy pnl=127886.7664 equity=11178498.09
closed paper trade buy pnl=85564.4473 equity=11264062.54
closed paper trade sell pnl=106030.2974 equity=11370092.84
closed paper trade sell pnl=94435.1554 equity=11464527.99
closed paper trade sell pnl=61074.2001 equity=11525602.19
closed paper trade buy pnl=132404.1036 equity=11658006.29
closed paper trade buy pnl=101090.0010 equity=11759096.30
closed paper trade sell pnl=127318.8298 equity=11886415.13
closed paper trade sell pnl=122195.8126 equity=12008610.94
closed paper trade buy pnl=181130.4112 equity=12189741.35
closed paper trade buy pnl=166139.1449 equity=12355880.49
closed paper trade buy pnl=97450.0339 equity=12453330.53
closed paper trade buy pnl=114609.5103 equity=12567940.04
closed paper trade sell pnl=62557.9199 equity=12630497.96
closed paper trade buy pnl=104971.2445 equity=12735469.20
closed paper trade buy pnl=150337.3215 equity=12885806.52
closed paper trade sell pnl=155390.4402 equity=13041196.96
closed paper trade buy pnl=136004.7124 equity=13177201.68
closed paper trade buy pnl=169483.9401 equity=13346685.62
closed paper trade sell pnl=127357.0140 equity=13474042.63
closed paper trade buy pnl=60990.9897 equity=13535033.62
closed paper trade sell pnl=126546.3114 equity=13661579.93
closed paper trade buy pnl=146976.5223 equity=13808556.45
closed paper trade sell pnl=143810.6307 equity=13952367.09
closed paper trade buy pnl=93617.0052 equity=14045984.09
closed paper trade sell pnl=151710.8027 equity=14197694.89
closed paper trade sell pnl=120811.4293 equity=14318506.32
closed paper trade sell pnl=132248.1764 equity=14450754.50
closed paper trade buy pnl=106561.4392 equity=14557315.94
closed paper trade sell pnl=214509.4295 equity=14771825.37
closed paper trade buy pnl=216220.4445 equity=14988045.81
closed paper trade sell pnl=143531.8116 equity=15131577.62
closed paper trade sell pnl=186902.7872 equity=15318480.41
closed paper trade sell pnl=140792.1397 equity=15459272.55
closed paper trade buy pnl=143332.2827 equity=15602604.83
closed paper trade sell pnl=232710.8877 equity=15835315.72
closed paper trade buy pnl=146983.0766 equity=15982298.80
closed paper trade buy pnl=99159.1836 equity=16081457.98
closed paper trade sell pnl=245389.4982 equity=16326847.48
closed paper trade sell pnl=78306.3930 equity=16405153.87
closed paper trade sell pnl=206057.1063 equity=16611210.98
closed paper trade sell pnl=159028.7870 equity=16770239.77
closed paper trade sell pnl=188935.1886 equity=16959174.95
closed paper trade buy pnl=220532.3137 equity=17179707.27
closed paper trade sell pnl=182172.8890 equity=17361880.16
closed paper trade buy pnl=147153.3925 equity=17509033.55
closed paper trade buy pnl=217996.5796 equity=17727030.13
closed paper trade buy pnl=182274.8333 equity=17909304.96
closed paper trade buy pnl=201642.4681 equity=18110947.43
closed paper trade sell pnl=150197.5754 equity=18261145.01
closed paper trade buy pnl=179503.7212 equity=18440648.73
closed paper trade buy pnl=97121.3544 equity=18537770.08
closed paper trade sell pnl=219944.6998 equity=18757714.78
closed paper trade buy pnl=376272.5155 equity=19133987.30
closed paper trade sell pnl=212408.1801 equity=19346395.48
closed paper trade sell pnl=214543.7054 equity=19560939.18
closed paper trade buy pnl=212747.1961 equity=19773686.38
closed paper trade buy pnl=269923.7177 equity=20043610.10
closed paper trade buy pnl=176050.3997 equity=20219660.50
closed paper trade sell pnl=161357.8413 equity=20381018.34
closed paper trade buy pnl=196055.2597 equity=20577073.60
closed paper trade buy pnl=119222.9336 equity=20696296.53
closed paper trade sell pnl=216420.1410 equity=20912716.67
closed paper trade buy pnl=252013.0131 equity=21164729.68
closed paper trade sell pnl=187479.6267 equity=21352209.31
closed paper trade sell pnl=203627.6723 equity=21555836.98
closed paper trade buy pnl=217140.6293 equity=21772977.61
closed paper trade buy pnl=216047.5975 equity=21989025.21
closed paper trade sell pnl=216021.1934 equity=22205046.40
closed paper trade buy pnl=174020.4212 equity=22379066.82
closed paper trade buy pnl=262464.4586 equity=22641531.28
closed paper trade sell pnl=230457.1760 equity=22871988.46
closed paper trade buy pnl=192805.5498 equity=23064794.01
closed paper trade sell pnl=218735.5009 equity=23283529.51
closed paper trade sell pnl=274844.5882 equity=23558374.10
closed paper trade sell pnl=231727.6466 equity=23790101.74
closed paper trade sell pnl=269512.7709 equity=24059614.52
closed paper trade buy pnl=352537.2885 equity=24412151.80
closed paper trade buy pnl=150423.9476 equity=24562575.75
closed paper trade buy pnl=207631.7208 equity=24770207.47
closed paper trade buy pnl=270872.6970 equity=25041080.17
closed paper trade sell pnl=237489.8099 equity=25278569.98
closed paper trade sell pnl=283126.9794 equity=25561696.96
closed paper trade buy pnl=198780.2057 equity=25760477.16
closed paper trade sell pnl=321446.2278 equity=26081923.39
closed paper trade sell pnl=223832.8356 equity=26305756.23
closed paper trade sell pnl=242302.6422 equity=26548058.87
closed paper trade sell pnl=378828.4263 equity=26926887.30
closed paper trade buy pnl=166157.9491 equity=27093045.25
closed paper trade buy pnl=357302.0155 equity=27450347.26
closed paper trade sell pnl=255913.8695 equity=27706261.13
closed paper trade sell pnl=278526.8937 equity=27984788.02
closed paper trade buy pnl=295426.7343 equity=28280214.76
closed paper trade sell pnl=256262.9687 equity=28536477.73
closed paper trade buy pnl=249991.2331 equity=28786468.96
closed paper trade buy pnl=249869.6217 equity=29036338.58
closed paper trade sell pnl=306500.0578 equity=29342838.64
closed paper trade sell pnl=317142.6248 equity=29659981.26
closed paper trade buy pnl=366979.7136 equity=30026960.98
closed paper trade buy pnl=289987.0039 equity=30316947.98
closed paper trade sell pnl=131878.7188 equity=30448826.70
closed paper trade buy pnl=200518.3819 equity=30649345.08
closed paper trade sell pnl=342367.1737 equity=30991712.26
closed paper trade buy pnl=243188.2031 equity=31234900.46
closed paper trade buy pnl=409833.3422 equity=31644733.80
closed paper trade sell pnl=310904.3873 equity=31955638.19
closed paper trade buy pnl=253844.9721 equity=32209483.16
closed paper trade buy pnl=280625.0919 equity=32490108.25
closed paper trade buy pnl=389543.9643 equity=32879652.22
closed paper trade sell pnl=303472.8159 equity=33183125.03
closed paper trade sell pnl=293813.1233 equity=33476938.16
closed paper trade buy pnl=406735.1606 equity=33883673.32
closed paper trade buy pnl=348347.2108 equity=34232020.53
closed paper trade sell pnl=134814.0454 equity=34366834.57
closed paper trade buy pnl=370259.7338 equity=34737094.31
closed paper trade sell pnl=393863.8761 equity=35130958.18
closed paper trade sell pnl=288758.5553 equity=35419716.74
closed paper trade sell pnl=333889.7032 equity=35753606.44
closed paper trade buy pnl=461322.5831 equity=36214929.02
closed paper trade buy pnl=416009.3377 equity=36630938.36
closed paper trade sell pnl=465670.6969 equity=37096609.06
closed paper trade buy pnl=-255234.2452 equity=36841374.81
closed paper trade sell pnl=188594.6301 equity=37029969.44
closed paper trade sell pnl=451512.6445 equity=37481482.09
closed paper trade buy pnl=277730.8610 equity=37759212.95
closed paper trade sell pnl=167301.7305 equity=37926514.68
closed paper trade sell pnl=341769.3179 equity=38268284.00
closed paper trade buy pnl=308512.0115 equity=38576796.01
closed paper trade sell pnl=248103.0470 equity=38824899.06
Booting hermes-trading worker | asset=ETH/USDT:USDT | mode=paper | 
strategy=v327
closed paper trade sell pnl=0.0002 equity=10000.00
closed paper trade sell pnl=0.0002 equity=10000.00
closed paper trade buy pnl=0.0003 equity=10000.00
closed paper trade sell pnl=0.0002 equity=10000.00
closed paper trade sell pnl=0.0002 equity=10000.00
closed paper trade buy pnl=0.0002 equity=10000.00
closed paper trade buy pnl=0.0002 equity=10000.00
closed paper trade sell pnl=0.0003 equity=10000.00
closed paper trade buy pnl=0.0003 equity=10000.00
closed paper trade sell pnl=0.0002 equity=10000.00
closed paper trade buy pnl=0.0003 equity=10000.00
closed paper trade buy pnl=0.0003 equity=10000.00
closed paper trade buy pnl=0.0002 equity=10000.00
closed paper trade buy pnl=0.0003 equity=10000.00
closed paper trade sell pnl=0.0002 equity=10000.00
closed paper trade sell pnl=0.0002 equity=10000.00
closed paper trade buy pnl=0.0003 equity=10000.00
closed paper trade buy pnl=0.0003 equity=10000.00
closed paper trade sell pnl=0.0002 equity=10000.00
closed paper trade buy pnl=0.0002 equity=10000.00
closed paper trade buy pnl=0.0003 equity=10000.01
closed paper trade buy pnl=0.0002 equity=10000.01
closed paper trade buy pnl=0.0003 equity=10000.01
closed paper trade sell pnl=0.0002 equity=10000.01
closed paper trade sell pnl=0.0002 equity=10000.01
closed paper trade buy pnl=0.0003 equity=10000.01
closed paper trade sell pnl=0.0001 equity=10000.01
closed paper trade buy pnl=0.0003 equity=10000.01
closed paper trade buy pnl=0.0003 equity=10000.01
closed paper trade buy pnl=0.0003 equity=10000.01
closed paper trade buy pnl=0.0003 equity=10000.01
closed paper trade sell pnl=0.0002 equity=10000.01
closed paper trade sell pnl=0.0002 equity=10000.01
closed paper trade sell pnl=0.0003 equity=10000.01
closed paper trade sell pnl=0.0003 equity=10000.01
closed paper trade sell pnl=0.0002 equity=10000.01
closed paper trade sell pnl=0.0003 equity=10000.01
closed paper trade buy pnl=0.0003 equity=10000.01
closed paper trade buy pnl=0.0002 equity=10000.01
closed paper trade buy pnl=0.0002 equity=10000.01
closed paper trade sell pnl=0.0003 equity=10000.01
closed paper trade sell pnl=0.0003 equity=10000.01
closed paper trade buy pnl=0.0002 equity=10000.01
closed paper trade buy pnl=0.0003 equity=10000.01
closed paper trade buy pnl=0.0003 equity=10000.01
closed paper trade sell pnl=0.0002 equity=10000.01
closed paper trade buy pnl=0.0003 equity=10000.01
closed paper trade sell pnl=0.0003 equity=10000.01
closed paper trade sell pnl=0.0002 equity=10000.01
closed paper trade sell pnl=0.0003 equity=10000.01
closed paper trade sell pnl=0.0001 equity=10000.01
closed paper trade sell pnl=0.0003 equity=10000.01
closed paper trade buy pnl=0.0003 equity=10000.01
closed paper trade sell pnl=0.0003 equity=10000.01
closed paper trade sell pnl=0.0003 equity=10000.01
closed paper trade buy pnl=0.0003 equity=10000.01
closed paper trade sell pnl=0.0003 equity=10000.01
closed paper trade sell pnl=0.0002 equity=10000.01
closed paper trade buy pnl=0.0002 equity=10000.01
closed paper trade buy pnl=0.0003 equity=10000.02
closed paper trade buy pnl=0.0003 equity=10000.02
closed paper trade buy pnl=0.0003 equity=10000.02
closed paper trade sell pnl=0.0002 equity=10000.02
closed paper trade sell pnl=0.0003 equity=10000.02
closed paper trade sell pnl=0.0002 equity=10000.02
closed paper trade sell pnl=0.0003 equity=10000.02
closed paper trade buy pnl=0.0003 equity=10000.02
closed paper trade sell pnl=0.0003 equity=10000.02
closed paper trade sell pnl=0.0002 equity=10000.02
closed paper trade buy pnl=0.0003 equity=10000.02
closed paper trade buy pnl=0.0002 equity=10000.02
closed paper trade buy pnl=0.0002 equity=10000.02
closed paper trade sell pnl=0.0002 equity=10000.02
closed paper trade sell pnl=0.0002 equity=10000.02
closed paper trade buy pnl=0.0002 equity=10000.02
closed paper trade sell pnl=0.0002 equity=10000.02
closed paper trade sell pnl=0.0002 equity=10000.02
closed paper trade buy pnl=0.0003 equity=10000.02
closed paper trade buy pnl=0.0002 equity=10000.02
closed paper trade sell pnl=0.0003 equity=10000.02
closed paper trade sell pnl=0.0002 equity=10000.02
closed paper trade buy pnl=0.0003 equity=10000.02
closed paper trade sell pnl=0.0002 equity=10000.02
closed paper trade sell pnl=0.0003 equity=10000.02
closed paper trade buy pnl=0.0003 equity=10000.02
closed paper trade buy pnl=0.0002 equity=10000.02
closed paper trade buy pnl=0.0003 equity=10000.02
closed paper trade buy pnl=0.0002 equity=10000.02
closed paper trade sell pnl=0.0001 equity=10000.02
closed paper trade sell pnl=0.0002 equity=10000.02
closed paper trade buy pnl=0.0003 equity=10000.02
closed paper trade buy pnl=0.0002 equity=10000.02
closed paper trade buy pnl=0.0003 equity=10000.02
closed paper trade sell pnl=0.0002 equity=10000.02
closed paper trade buy pnl=0.0003 equity=10000.02
closed paper trade sell pnl=0.0003 equity=10000.02
closed paper trade buy pnl=0.0003 equity=10000.02
closed paper trade buy pnl=0.0002 equity=10000.02
closed paper trade buy pnl=0.0003 equity=10000.02
closed paper trade sell pnl=0.0003 equity=10000.02
closed paper trade buy pnl=0.0003 equity=10000.03
closed paper trade buy pnl=0.0002 equity=10000.03
closed paper trade buy pnl=0.0003 equity=10000.03
closed paper trade buy pnl=0.0003 equity=10000.03
closed paper trade buy pnl=0.0002 equity=10000.03
closed paper trade sell pnl=0.0003 equity=10000.03
closed paper trade sell pnl=0.0003 equity=10000.03
closed paper trade sell pnl=0.0003 equity=10000.03
closed paper trade sell pnl=0.0002 equity=10000.03
closed paper trade sell pnl=0.0002 equity=10000.03
closed paper trade sell pnl=0.0003 equity=10000.03
closed paper trade sell pnl=0.0002 equity=10000.03
closed paper trade sell pnl=-0.0001 equity=10000.03
closed paper trade buy pnl=0.0002 equity=10000.03
closed paper trade sell pnl=0.0001 equity=10000.03
closed paper trade sell pnl=0.0002 equity=10000.03
closed paper trade buy pnl=0.0002 equity=10000.03
closed paper trade sell pnl=0.0003 equity=10000.03
closed paper trade buy pnl=0.0002 equity=10000.03
closed paper trade sell pnl=0.0003 equity=10000.03
closed paper trade sell pnl=0.0002 equity=10000.03
closed paper trade sell pnl=0.0002 equity=10000.03
closed paper trade sell pnl=0.0003 equity=10000.03
closed paper trade buy pnl=0.0003 equity=10000.03
closed paper trade buy pnl=0.0002 equity=10000.03
closed paper trade sell pnl=0.0002 equity=10000.03
closed paper trade buy pnl=0.0003 equity=10000.03
closed paper trade sell pnl=0.0002 equity=10000.03
closed paper trade buy pnl=0.0003 equity=10000.03
closed paper trade sell pnl=0.0002 equity=10000.03
closed paper trade buy pnl=0.0003 equity=10000.03
closed paper trade buy pnl=0.0003 equity=10000.03
closed paper trade buy pnl=0.0002 equity=10000.03
closed paper trade buy pnl=0.0002 equity=10000.03
closed paper trade buy pnl=0.0002 equity=10000.03
closed paper trade buy pnl=0.0002 equity=10000.03
closed paper trade buy pnl=0.0003 equity=10000.03
closed paper trade buy pnl=0.0003 equity=10000.03
closed paper trade sell pnl=0.0003 equity=10000.03
closed paper trade sell pnl=0.0002 equity=10000.03
closed paper trade sell pnl=0.0003 equity=10000.03
closed paper trade sell pnl=0.0003 equity=10000.03
closed paper trade buy pnl=0.0002 equity=10000.04
closed paper trade buy pnl=0.0003 equity=10000.04
closed paper trade sell pnl=0.0002 equity=10000.04
closed paper trade buy pnl=0.0002 equity=10000.04
closed paper trade sell pnl=0.0002 equity=10000.04
closed paper trade buy pnl=0.0003 equity=10000.04
closed paper trade buy pnl=0.0002 equity=10000.04
closed paper trade sell pnl=0.0002 equity=10000.04
closed paper trade sell pnl=0.0002 equity=10000.04
closed paper trade sell pnl=0.0003 equity=10000.04
closed paper trade buy pnl=0.0002 equity=10000.04
closed paper trade buy pnl=0.0002 equity=10000.04
closed paper trade sell pnl=0.0003 equity=10000.04
closed paper trade sell pnl=0.0003 equity=10000.04
closed paper trade sell pnl=0.0002 equity=10000.04
closed paper trade buy pnl=0.0002 equity=10000.04
closed paper trade buy pnl=0.0003 equity=10000.04
closed paper trade buy pnl=0.0003 equity=10000.04
closed paper trade sell pnl=0.0002 equity=10000.04
closed paper trade buy pnl=0.0002 equity=10000.04
closed paper trade buy pnl=0.0002 equity=10000.04
closed paper trade buy pnl=0.0002 equity=10000.04
closed paper trade sell pnl=0.0003 equity=10000.04
closed paper trade sell pnl=0.0002 equity=10000.04
closed paper trade sell pnl=0.0003 equity=10000.04
closed paper trade sell pnl=0.0002 equity=10000.04
closed paper trade buy pnl=0.0003 equity=10000.04
closed paper trade buy pnl=0.0003 equity=10000.04
closed paper trade sell pnl=0.0002 equity=10000.04
closed paper trade sell pnl=0.0002 equity=10000.04
closed paper trade buy pnl=0.0002 equity=10000.04
closed paper trade buy pnl=0.0003 equity=10000.04
closed paper trade buy pnl=0.0003 equity=10000.04
closed paper trade sell pnl=0.0002 equity=10000.04
Booting hermes-trading worker | asset=ETH/USDT:USDT | mode=paper | 
strategy=v360
closed paper trade sell pnl=3733.7851 equity=13733.79
closed paper trade buy pnl=3151.9088 equity=16885.69
closed paper trade sell pnl=15691.7295 equity=32577.42
closed paper trade sell pnl=4910.7070 equity=37488.13
closed paper trade sell pnl=16170.7351 equity=53658.87
closed paper trade buy pnl=12258.4063 equity=65917.27
closed paper trade sell pnl=36184.6751 equity=102101.95
closed paper trade sell pnl=16051.9075 equity=118153.85
closed paper trade buy pnl=28006.8974 equity=146160.75
^CBooting hermes-trading worker | asset=ETH/USDT:USDT | mode=paper | 
strategy=v362
closed paper trade sell pnl=3179.5266 equity=13179.53
closed paper trade sell pnl=3452.6701 equity=16632.20
closed paper trade sell pnl=3685.1363 equity=20317.33
closed paper trade buy pnl=7980.1661 equity=28297.50
closed paper trade buy pnl=9570.6595 equity=37868.16
closed paper trade sell pnl=6065.4580 equity=43933.62
closed paper trade sell pnl=10834.7227 equity=54768.34
closed paper trade buy pnl=12214.3175 equity=66982.66
closed paper trade sell pnl=18672.3701 equity=85655.03
closed paper trade buy pnl=18469.0300 equity=104124.06
closed paper trade buy pnl=19610.8094 equity=123734.87
closed paper trade buy pnl=18854.1044 equity=142588.97
closed paper trade buy pnl=-13727.0620 equity=128861.91
closed paper trade sell pnl=88957.0522 equity=217818.96
closed paper trade sell pnl=28707.6714 equity=246526.63
closed paper trade sell pnl=56209.6085 equity=302736.24
closed paper trade sell pnl=82450.0970 equity=385186.34
closed paper trade buy pnl=-9738.9334 equity=375447.40
closed paper trade buy pnl=27687.2822 equity=403134.69
closed paper trade buy pnl=129439.0616 equity=532573.75
closed paper trade buy pnl=-25883.8741 equity=506689.87
closed paper trade buy pnl=273274.7020 equity=779964.58
closed paper trade sell pnl=62232.5085 equity=842197.08
closed paper trade sell pnl=322318.8811 equity=1164515.97
closed paper trade buy pnl=164964.6215 equity=1329480.59
closed paper trade buy pnl=33503.6802 equity=1362984.27
closed paper trade buy pnl=634268.8396 equity=1997253.11
closed paper trade buy pnl=419721.0371 equity=2416974.14
closed paper trade sell pnl=410130.8980 equity=2827105.04
closed paper trade buy pnl=719819.6694 equity=3546924.71
closed paper trade buy pnl=1799230.7557 equity=5346155.47
closed paper trade sell pnl=2561496.3005 equity=7907651.77
closed paper trade buy pnl=3357671.3673 equity=11265323.14
closed paper trade sell pnl=3167334.0374 equity=14432657.17
closed paper trade buy pnl=3763472.3922 equity=18196129.56
closed paper trade sell pnl=3054848.1727 equity=21250977.74
closed paper trade buy pnl=7568007.8796 equity=28818985.62
closed paper trade sell pnl=14783301.4780 equity=43602287.10
closed paper trade buy pnl=11904348.3847 equity=55506635.48
closed paper trade sell pnl=4076227.1068 equity=59582862.59
closed paper trade buy pnl=23934127.7601 equity=83516990.35
closed paper trade sell pnl=34758463.5352 equity=118275453.88
closed paper trade buy pnl=30717888.6464 equity=148993342.53
closed paper trade buy pnl=54683443.5903 equity=203676786.12
closed paper trade buy pnl=227499.9569 equity=203904286.08
closed paper trade buy pnl=60999610.9727 equity=264903897.05
closed paper trade buy pnl=75556140.8241 equity=340460037.87
closed paper trade sell pnl=76491442.5760 equity=416951480.45
closed paper trade buy pnl=158066860.2628 equity=575018340.71
closed paper trade sell pnl=115008615.4702 equity=690026956.18
closed paper trade sell pnl=370326818.4794 equity=1060353774.66
closed paper trade sell pnl=1672780705.4787 equity=2733134480.14
closed paper trade buy pnl=901809285.9483 equity=3634943766.09
closed paper trade buy pnl=729070529.4597 equity=4364014295.55
closed paper trade sell pnl=4304253833.0828 equity=8668268128.63
closed paper trade buy pnl=1985459991.6420 equity=10653728120.27
closed paper trade sell pnl=842549608.0728 equity=11496277728.35
closed paper trade sell pnl=-140377922.1045 equity=11355899806.24
closed paper trade sell pnl=4430588567.6264 equity=15786488373.87
closed paper trade buy pnl=6861133249.8418 equity=22647621623.71
closed paper trade sell pnl=6746801062.6858 equity=29394422686.39
closed paper trade sell pnl=9836054005.1512 equity=39230476691.55
closed paper trade buy pnl=763358193.7708 equity=39993834885.32
closed paper trade buy pnl=6538638375.2474 equity=46532473260.56
closed paper trade buy pnl=20170267705.3228 equity=66702740965.89
closed paper trade sell pnl=22669916345.0333 equity=89372657310.92
closed paper trade sell pnl=45473575200.2148 equity=134846232511.13
closed paper trade buy pnl=46049957274.6872 equity=180896189785.82
closed paper trade buy pnl=27465325069.8420 equity=208361514855.66
closed paper trade buy pnl=201254789687.0235 equity=409616304542.69
closed paper trade buy pnl=97545996293.6477 equity=507162300836.34
closed paper trade sell pnl=106265513530.5705 equity=613427814366.91
closed paper trade buy pnl=107848638739.8900 equity=721276453106.80
closed paper trade buy pnl=93661424785.7306 equity=814937877892.53
closed paper trade buy pnl=129454515991.2408 equity=944392393883.77
closed paper trade buy pnl=338635116552.2031 equity=1283027510435.97
closed paper trade sell pnl=100167263483.3554 equity=1383194773919.33
closed paper trade buy pnl=824965130287.7704 equity=2208159904207.10
closed paper trade buy pnl=822030551472.0039 equity=3030190455679.10
closed paper trade buy pnl=820503072364.4165 equity=3850693528043.52
closed paper trade sell pnl=1103290927842.2439 equity=4953984455885.76
closed paper trade sell pnl=1416518839480.3521 equity=6370503295366.11
closed paper trade buy pnl=2791751444176.4932 equity=9162254739542.61
closed paper trade sell pnl=2680110646561.6416 equity=11842365386104.25
closed paper trade buy pnl=3720561686844.9834 equity=15562927072949.23
closed paper trade buy pnl=4147349299775.8599 equity=19710276372725.09
closed paper trade sell pnl=8210687680638.0967 equity=27920964053363.19
closed paper trade buy pnl=8905925176425.7637 equity=36826889229788.95
closed paper trade buy pnl=5686261198140.3984 equity=42513150427929.35
closed paper trade buy pnl=11055712899056.5469 equity=53568863326985.90
closed paper trade sell pnl=28335256136627.8867 equity=81904119463613.78
closed paper trade sell pnl=-8735448408001.7471 equity=73168671055612.03
closed paper trade sell pnl=45499555891820.2812 equity=118668226947432.31
closed paper trade sell pnl=32864465442394.5938 equity=151532692389826.91
closed paper trade buy pnl=29549715646618.5859 equity=181082408036445.50
closed paper trade sell pnl=58291439550202.1875 equity=239373847586647.69
closed paper trade sell pnl=118119005893732.5156 equity=357492853480380.19
closed paper trade sell pnl=-23073465278540.7500 equity=334419388201839.44
closed paper trade sell pnl=51384403784517.9141 equity=385803791986357.38
closed paper trade sell pnl=40416846026617.1016 equity=426220638012974.50
closed paper trade buy pnl=58196707741058.0156 equity=484417345754032.50
closed paper trade buy pnl=155350874338974.3125 equity=639768220093006.75
closed paper trade sell pnl=179174217992945.5000 equity=818942438085952.25
closed paper trade sell pnl=247387804821403.2812 equity=1066330242907355.50
closed paper trade buy pnl=156215922287741.5000 equity=1222546165195097.00
closed paper trade buy pnl=407492859574160.9375 equity=1630039024769258.00
closed paper trade sell pnl=316219939239449.3125 equity=1946258964008707.25
closed paper trade buy pnl=601969754489911.0000 equity=2548228718498618.00
closed paper trade sell pnl=803294613210946.6250 equity=3351523331709564.50
closed paper trade buy pnl=744446310527835.7500 equity=4095969642237400.00
closed paper trade sell pnl=1310876738587113.0000 equity=5406846380824513.00
closed paper trade sell pnl=1283446804036047.5000 equity=6690293184860560.00
closed paper trade buy pnl=1473263244601597.7500 equity=8163556429462158.00
closed paper trade buy pnl=836179332837665.1250 equity=8999735762299823.00
closed paper trade sell pnl=3012578767063219.0000 equity=12012314529363042.00
closed paper trade buy pnl=4297513648215148.5000 equity=16309828177578190.00
closed paper trade buy pnl=2336448651176428.0000 equity=18646276828754616.00
closed paper trade sell pnl=5846170822285640.0000 equity=24492447651040256.00
closed paper trade sell pnl=-819573552842489.5000 equity=23672874098197768.00
closed paper trade buy pnl=-1713705139653433.2500 equity=21959168958544336.00
closed paper trade buy pnl=-905726437413298.3750 equity=21053442521131036.00
closed paper trade sell pnl=13360024084744114.0000 equity=34413466605875152.00
closed paper trade buy pnl=222787212471491.0938 equity=34636253818346644.00
closed paper trade buy pnl=-15758015335552938.0000 equity=18878238482793704.00
closed paper trade sell pnl=1301178323566523.5000 equity=20179416806360228.00
closed paper trade buy pnl=-3939993863109789.0000 equity=16239422943250440.00
closed paper trade buy pnl=8687120841111987.0000 equity=24926543784362428.00
closed paper trade buy pnl=-22236181451029148.0000 equity=2690362333333280.00
closed paper trade buy pnl=-220701362252187.0938 equity=2469660971081093.00
closed paper trade buy pnl=2031063535675991.2500 equity=4500724506757084.00
closed paper trade sell pnl=1738182468554286.0000 equity=6238906975311370.00
closed paper trade sell pnl=3249351465239069.5000 equity=9488258440550440.00
closed paper trade buy pnl=-364433239811372.0625 equity=9123825200739068.00
closed paper trade buy pnl=3636004529968299.0000 equity=12759829730707368.00
closed paper trade sell pnl=-5587805733429074.0000 equity=7172023997278294.00
closed paper trade buy pnl=3497164366165571.5000 equity=10669188363443866.00
closed paper trade buy pnl=6476396741230370.0000 equity=17145585104674236.00
closed paper trade buy pnl=3984178201158073.5000 equity=21129763305832308.00
closed paper trade buy pnl=10664462111571846.0000 equity=31794225417404152.00
closed paper trade sell pnl=12683177006653842.0000 equity=44477402424057992.00
closed paper trade sell pnl=21252125337268704.0000 equity=65729527761326696.00
closed paper trade buy pnl=14596291273017170.0000 equity=80325819034343872.00
closed paper trade sell pnl=-2694330304950898.0000 equity=77631488729392976.00
closed paper trade sell pnl=10644999413493570.0000 equity=88276488142886544.00
closed paper trade sell pnl=44066501165710368.0000 equity=132342989308596912.00
closed paper trade buy pnl=19822556348292424.0000 equity=152165545656889344.00
closed paper trade buy pnl=33890191981567568.0000 equity=186055737638456896.00
closed paper trade buy pnl=81145541385845360.0000 equity=267201279024302272.00
closed paper trade buy pnl=145474373879728768.0000 equity=412675652904031040.00
closed paper trade sell pnl=209633448567817696.0000 
equity=622309101471848704.00
closed paper trade buy pnl=77705681227941888.0000 equity=700014782699790592.00
closed paper trade sell pnl=154167148496391808.0000 
equity=854181931196182400.00
closed paper trade buy pnl=296735354625717248.0000 
equity=1150917285821899648.00
closed paper trade sell pnl=274648032721770528.0000 
equity=1425565318543670272.00
closed paper trade buy pnl=501432725272339072.0000 
equity=1926998043816009216.00
closed paper trade sell pnl=69417959846519736.0000 
equity=1996416003662529024.00
closed paper trade sell pnl=-846186091983505664.0000 
equity=1150229911679023360.00
closed paper trade buy pnl=485556983170254080.0000 
equity=1635786894849277440.00
closed paper trade buy pnl=739756656789671424.0000 
equity=2375543551638948864.00
closed paper trade buy pnl=1232991975442404864.0000 
equity=3608535527081353728.00
closed paper trade sell pnl=801930032215219456.0000 
equity=4410465559296573440.00
closed paper trade buy pnl=1621469013118497280.0000 
equity=6031934572415070208.00
closed paper trade sell pnl=1353296324475822592.0000 
equity=7385230896890892288.00
closed paper trade sell pnl=985489308623119232.0000 
equity=8370720205514011648.00
closed paper trade sell pnl=3098249581042859008.0000 
equity=11468969786556870656.00
closed paper trade sell pnl=2558120833652921344.0000 
equity=14027090620209790976.00
closed paper trade sell pnl=5329718161173233664.0000 
equity=19356808781383024640.00
closed paper trade buy pnl=5507224937800946688.0000 
equity=24864033719183970304.00
closed paper trade sell pnl=9061083434739648512.0000 
equity=33925117153923620864.00
closed paper trade sell pnl=12568700380053575680.0000 
equity=46493817533977198592.00
closed paper trade sell pnl=26710909891197906944.0000 
equity=73204727425175109632.00
closed paper trade buy pnl=3410599590609166336.0000 
equity=76615327015784284160.00
closed paper trade sell pnl=55893285950020706304.0000 
equity=132508612965804998656.00
closed paper trade buy pnl=74630620208048259072.0000 
equity=207139233173853241344.00
closed paper trade buy pnl=27687660461461475328.0000 
equity=234826893635314712576.00
closed paper trade sell pnl=14661564157915766784.0000 
equity=249488457793230471168.00
closed paper trade buy pnl=39598643659509637120.0000 
equity=289087101452740100096.00
closed paper trade sell pnl=132494375055782477824.0000 
equity=421581476508522577920.00
closed paper trade sell pnl=936068547338939269120.0000 
equity=1357650023847461912576.00
closed paper trade sell pnl=-1557501724853902245888.0000 
equity=-199851701006440333312.00
closed paper trade sell pnl=-144184477292495536128.0000 
equity=-344036178298935836672.00
closed paper trade sell pnl=-293725080591937765376.0000 
equity=-637761258890873536512.00
closed paper trade buy pnl=-255893444420894130176.0000 
equity=-893654703311767732224.00
closed paper trade buy pnl=-930182192360667742208.0000 
equity=-1823836895672435474432.00
closed paper trade buy pnl=-29334941531610378240.0000 
equity=-1853171837204045758464.00
closed paper trade buy pnl=-782928791058722717696.0000 
equity=-2636100628262768607232.00
closed paper trade buy pnl=-1279689690827217960960.0000 
equity=-3915790319089986568192.00
closed paper trade sell pnl=-808185301311963529216.0000 
equity=-4723975620401949573120.00
closed paper trade buy pnl=-1850591826864000991232.0000 
equity=-6574567447265951088640.00
closed paper trade sell pnl=-2962975907332483973120.0000 
equity=-9537543354598436110336.00
closed paper trade sell pnl=-5619194282541247889408.0000 
equity=-15156737637139682951168.00
closed paper trade sell pnl=-5202209281273956925440.0000 
equity=-20358946918413637779456.00
closed paper trade sell pnl=-6427891441173704736768.0000 
equity=-26786838359587344613376.00
closed paper trade sell pnl=5909432976677643747328.0000 
equity=-20877405382909699817472.00
closed paper trade buy pnl=-9745614292891283226624.0000 
equity=-30623019675800985141248.00
closed paper trade buy pnl=8849790820563241984.0000 
equity=-30614169884980420804608.00
closed paper trade buy pnl=-14368922261286591397888.0000 
equity=-44983092146267010105344.00
closed paper trade buy pnl=-43266614705626336460800.0000 
equity=-88249706851893346566144.00
closed paper trade sell pnl=-3468239518476347113472.0000 
equity=-91717946370369702068224.00
closed paper trade sell pnl=-81730090739351028760576.0000 
equity=-173448037109720747606016.00
closed paper trade sell pnl=-44820295605475564584960.0000 
equity=-218268332715196303802368.00
closed paper trade sell pnl=-56836159795695676555264.0000 
equity=-275104492510891997134848.00
closed paper trade sell pnl=-83327918001962038067200.0000 
equity=-358432410512854018424832.00
closed paper trade buy pnl=-3679307711814800769024.0000 
equity=-362111718224668810805248.00
closed paper trade buy pnl=-120085476379326406459392.0000 
equity=-482197194603995217264640.00
closed paper trade buy pnl=859651263325309763584.0000 
equity=-481337543340669922181120.00
closed paper trade sell pnl=-298268736982061022183424.0000 
equity=-779606280322730944364544.00
closed paper trade buy pnl=-324027297201589250424832.0000 
equity=-1103633577524320261898240.00
closed paper trade sell pnl=-431034626839935547604992.0000 
equity=-1534668204364255742394368.00
closed paper trade sell pnl=469049501391975731953664.0000 
equity=-1065618702972280077549568.00
closed paper trade sell pnl=-508191381057669322244096.0000 
equity=-1573810084029949332684800.00
closed paper trade sell pnl=-488259698722732460998656.0000 
equity=-2062069782752681726574592.00
closed paper trade buy pnl=-1168600189793799430471680.0000 
equity=-3230669972546481022828544.00
closed paper trade sell pnl=-1948739097257208170151936.0000 
equity=-5179409069803688656109568.00
closed paper trade buy pnl=-1521630017663770990477312.0000 
equity=-6701039087467459378151424.00
closed paper trade buy pnl=-2784723020985618575392768.0000 
equity=-9485762108453077416673280.00
closed paper trade sell pnl=-810505604308697572442112.0000 
equity=-10296267712761774452244480.00
closed paper trade sell pnl=-1585320274457220909891584.0000 
equity=-11881587987218995362136064.00
closed paper trade buy pnl=-2743547609417886170349568.0000 
equity=-14625135596636882606227456.00
closed paper trade buy pnl=-9054966883927310907473920.0000 
equity=-23680102480564193513701376.00
closed paper trade sell pnl=-12017724425788041522577408.0000 
equity=-35697826906352232888795136.00
closed paper trade sell pnl=-29835920718190709080850432.0000 
equity=-65533747624542946264612864.00
closed paper trade buy pnl=-5379067404930804971732992.0000 
equity=-70912815029473753383829504.00
closed paper trade buy pnl=-17885178898495146580508672.0000 
equity=-88797993927968908554272768.00
closed paper trade sell pnl=-29961906902390412813533184.0000 
equity=-118759900830359325662773248.00
closed paper trade buy pnl=-41150504304400117218148352.0000 
equity=-159910405134759460060790784.00
closed paper trade sell pnl=-84114047354015644198633472.0000 
equity=-244024452488775121439293440.00
closed paper trade sell pnl=-175484842409736106835705856.0000 
equity=-419509294898511228274999296.00
closed paper trade buy pnl=-57782231461415032715214848.0000 
equity=-477291526359926286760017920.00
closed paper trade sell pnl=-262800868330895730714607616.0000 
equity=-740092394690822051834363904.00
closed paper trade sell pnl=-194644342317863822245756928.0000 
equity=-934736737008685805360644096.00
closed paper trade buy pnl=-193979287510417102872772608.0000 
equity=-1128716024519102873873678336.00
closed paper trade buy pnl=-680209140965441861612208128.0000 
equity=-1808925165484544872924839936.00
closed paper trade buy pnl=1278535769734542521966526464.0000 
equity=-530389395750002350958313472.00
closed paper trade buy pnl=-65587257330478352835805184.0000 
equity=-595976653080480678024314880.00
closed paper trade buy pnl=-185578694411684942828273664.0000 
equity=-781555347492165655212326912.00
closed paper trade sell pnl=625212877709162499134193664.0000 
equity=-156342469783003156078133248.00
closed paper trade buy pnl=-116221484126806097868619776.0000 
equity=-272563953909809253946753024.00
closed paper trade sell pnl=-238150540030310850305720320.0000 
equity=-510714493940120104252473344.00
closed paper trade sell pnl=77465000691357042486542336.0000 
equity=-433249493248763078945800192.00
closed paper trade buy pnl=-197107805461877354297032704.0000 
equity=-630357298710640364523356160.00
closed paper trade buy pnl=30900616446552172220383232.0000 
equity=-599456682264088175123103744.00
closed paper trade buy pnl=-376812238155230047060885504.0000 
equity=-976268920419318290903465984.00
closed paper trade buy pnl=-373277478809670089051209728.0000 
equity=-1349546399228988448674152448.00
closed paper trade buy pnl=-468434309341894898188550144.0000 
equity=-1817980708570883278143225856.00
closed paper trade sell pnl=-870473492929881794834071552.0000 
equity=-2688454201500764798099390464.00
closed paper trade buy pnl=-1016989484626723085953794048.0000 
equity=-3705443686127487884053184512.00
closed paper trade buy pnl=-834308661475810403218882560.0000 
equity=-4539752347603298149833113600.00
closed paper trade buy pnl=-772360697209018821178818560.0000 
equity=-5312113044812316971011932160.00
closed paper trade sell pnl=-235537750587273559305879552.0000 
equity=-5547650795399590839555457024.00
closed paper trade buy pnl=-890792441399424236910542848.0000 
equity=-6438443236799015076465999872.00
closed paper trade buy pnl=-3130703571764190855733182464.0000 
equity=-9569146808563205932199182336.00
closed paper trade sell pnl=-1310609482529403898169393152.0000 
equity=-10879756291092608730856947712.00
closed paper trade buy pnl=-6685011592083810029464977408.0000 
equity=-17564767883176417660810297344.00
closed paper trade buy pnl=-6674508162874318018396028928.0000 
equity=-24239276046050734579694698496.00
Booting hermes-trading worker | asset=ETH/USDT:USDT | mode=paper | 
strategy=v411
closed paper trade sell pnl=0.0000 equity=10000.00
closed paper trade sell pnl=0.0000 equity=10000.00
closed paper trade buy pnl=0.0000 equity=10000.00
closed paper trade sell pnl=0.0000 equity=10000.00
closed paper trade sell pnl=0.0000 equity=10000.00
closed paper trade buy pnl=0.0000 equity=10000.00
closed paper trade sell pnl=0.0000 equity=10000.00
closed paper trade buy pnl=0.0000 equity=10000.00
closed paper trade buy pnl=0.0000 equity=10000.00
closed paper trade buy pnl=0.0000 equity=10000.00
closed paper trade buy pnl=0.0000 equity=10000.00
^CBooting hermes-trading worker | asset=ETH/USDT:USDT | mode=paper | 
strategy=v413
closed paper trade buy pnl=0.0000 equity=10000.00
closed paper trade sell pnl=0.0000 equity=10000.00
closed paper trade buy pnl=-0.0000 equity=10000.00
closed paper trade buy pnl=0.0000 equity=10000.00
closed paper trade sell pnl=0.0000 equity=10000.00
^CBooting hermes-trading worker | asset=ETH/USDT:USDT | mode=paper | 
strategy=v414
closed paper trade buy pnl=3028.0271 equity=13028.03
closed paper trade sell pnl=6846.5162 equity=19874.54
closed paper trade buy pnl=6635.7279 equity=26510.27
closed paper trade buy pnl=12825.9185 equity=39336.19
closed paper trade buy pnl=14984.2186 equity=54320.41
closed paper trade buy pnl=439.2288 equity=54759.64
closed paper trade sell pnl=19986.1438 equity=74745.78
closed paper trade buy pnl=37525.5571 equity=112271.34
closed paper trade sell pnl=28888.8124 equity=141160.15
closed paper trade buy pnl=73231.6397 equity=214391.79
closed paper trade sell pnl=65479.1929 equity=279870.98
closed paper trade sell pnl=147117.3077 equity=426988.29
closed paper trade buy pnl=145908.7726 equity=572897.06
closed paper trade buy pnl=164710.0564 equity=737607.12
closed paper trade buy pnl=426464.3964 equity=1164071.52
closed paper trade sell pnl=-114418.1700 equity=1049653.35
Booting hermes-trading worker | asset=ETH/USDT:USDT | mode=paper | 
strategy=v417
closed paper trade sell pnl=3524.1087 equity=13524.11
closed paper trade sell pnl=2336.9662 equity=15861.07
closed paper trade sell pnl=5919.7942 equity=21780.87
closed paper trade sell pnl=7893.9075 equity=29674.78
closed paper trade buy pnl=12563.6641 equity=42238.44
closed paper trade buy pnl=13188.5367 equity=55426.98
closed paper trade buy pnl=13044.6536 equity=68471.63
closed paper trade buy pnl=22285.7765 equity=90757.41
closed paper trade buy pnl=30397.5437 equity=121154.95
closed paper trade sell pnl=26193.8981 equity=147348.85
closed paper trade buy pnl=27538.7673 equity=174887.62
closed paper trade sell pnl=76610.4086 equity=251498.03
closed paper trade buy pnl=32837.0542 equity=284335.08
closed paper trade buy pnl=99840.4590 equity=384175.54
closed paper trade sell pnl=201383.2793 equity=585558.82
closed paper trade buy pnl=106406.2790 equity=691965.10
closed paper trade buy pnl=234398.6293 equity=926363.73
closed paper trade buy pnl=882207.7923 equity=1808571.52
closed paper trade buy pnl=625766.2023 equity=2434337.72
closed paper trade buy pnl=1088059.8110 equity=3522397.53
closed paper trade sell pnl=-135121.1166 equity=3387276.41
closed paper trade sell pnl=1450665.4796 equity=4837941.89
closed paper trade sell pnl=2915087.0274 equity=7753028.92
closed paper trade buy pnl=897357.1209 equity=8650386.04
closed paper trade sell pnl=1349181.9600 equity=9999568.00
closed paper trade buy pnl=3047165.2695 equity=13046733.27
closed paper trade sell pnl=4382622.7453 equity=17429356.02
closed paper trade buy pnl=5122201.1401 equity=22551557.16
closed paper trade sell pnl=8570398.0537 equity=31121955.21
closed paper trade sell pnl=-2310409.6085 equity=28811545.60
closed paper trade sell pnl=11983162.4509 equity=40794708.05
closed paper trade buy pnl=14660274.1512 equity=55454982.20
closed paper trade sell pnl=29774007.7095 equity=85228989.91
closed paper trade buy pnl=26405588.5888 equity=111634578.50
closed paper trade buy pnl=33163107.3388 equity=144797685.84
closed paper trade sell pnl=41838159.1536 equity=186635845.00
closed paper trade sell pnl=62566742.4442 equity=249202587.44
closed paper trade sell pnl=147888846.9468 equity=397091434.39
closed paper trade buy pnl=100686493.5106 equity=497777927.90
closed paper trade buy pnl=201088879.7495 equity=698866807.65
closed paper trade sell pnl=127753792.2836 equity=826620599.93
closed paper trade buy pnl=221875255.8721 equity=1048495855.80
closed paper trade sell pnl=322923625.1257 equity=1371419480.93
closed paper trade buy pnl=632335533.8984 equity=2003755014.83
closed paper trade buy pnl=1772735581.1231 equity=3776490595.95
closed paper trade sell pnl=424787575.6766 equity=4201278171.63
closed paper trade buy pnl=982767019.9657 equity=5184045191.59
closed paper trade buy pnl=644469955.9213 equity=5828515147.51
closed paper trade buy pnl=1140133136.1120 equity=6968648283.63
closed paper trade buy pnl=1794090893.7049 equity=8762739177.33
closed paper trade sell pnl=-1575692914.1785 equity=7187046263.15
closed paper trade sell pnl=2790896115.5746 equity=9977942378.73
closed paper trade sell pnl=4644773981.3865 equity=14622716360.11
closed paper trade sell pnl=4859125516.9258 equity=19481841877.04
closed paper trade sell pnl=7479033152.5642 equity=26960875029.60
closed paper trade sell pnl=19264938022.3227 equity=46225813051.93
closed paper trade buy pnl=18535239242.3418 equity=64761052294.27
closed paper trade sell pnl=9591145030.2341 equity=74352197324.50
Booting hermes-trading worker | asset=ETH/USDT:USDT | mode=paper | 
strategy=v430
closed paper trade sell pnl=14.2534 equity=10014.25
closed paper trade buy pnl=15.7736 equity=10030.03
closed paper trade sell pnl=16.3794 equity=10046.41
closed paper trade buy pnl=16.6473 equity=10063.05
closed paper trade buy pnl=16.6183 equity=10079.67
closed paper trade buy pnl=16.9586 equity=10096.63
closed paper trade buy pnl=12.9388 equity=10109.57
closed paper trade buy pnl=18.9659 equity=10128.54
closed paper trade buy pnl=4.2177 equity=10132.75
closed paper trade buy pnl=11.8755 equity=10144.63
closed paper trade buy pnl=14.3474 equity=10158.98
closed paper trade sell pnl=13.5119 equity=10172.49
closed paper trade sell pnl=17.8355 equity=10190.32
closed paper trade sell pnl=9.8683 equity=10200.19
closed paper trade buy pnl=13.2499 equity=10213.44
closed paper trade buy pnl=13.0655 equity=10226.51
closed paper trade buy pnl=2.2200 equity=10228.73
closed paper trade sell pnl=14.8668 equity=10243.59
closed paper trade sell pnl=7.9933 equity=10251.59
closed paper trade buy pnl=12.9963 equity=10264.58
closed paper trade buy pnl=14.1110 equity=10278.69
closed paper trade buy pnl=15.6096 equity=10294.30
closed paper trade buy pnl=16.1270 equity=10310.43
closed paper trade sell pnl=16.3735 equity=10326.80
closed paper trade sell pnl=13.3591 equity=10340.16
closed paper trade buy pnl=13.5457 equity=10353.71
closed paper trade buy pnl=16.5115 equity=10370.22
closed paper trade sell pnl=12.6316 equity=10382.85
closed paper trade buy pnl=14.7143 equity=10397.57
closed paper trade sell pnl=13.1598 equity=10410.73
closed paper trade sell pnl=17.9037 equity=10428.63
closed paper trade buy pnl=16.6610 equity=10445.29
closed paper trade sell pnl=16.1186 equity=10461.41
closed paper trade sell pnl=14.0619 equity=10475.47
closed paper trade buy pnl=14.4019 equity=10489.87
closed paper trade buy pnl=16.4919 equity=10506.37
closed paper trade sell pnl=16.3013 equity=10522.67
closed paper trade buy pnl=15.6240 equity=10538.29
closed paper trade sell pnl=16.8526 equity=10555.14
closed paper trade buy pnl=16.0590 equity=10571.20
closed paper trade buy pnl=16.7690 equity=10587.97
closed paper trade sell pnl=17.4959 equity=10605.47
closed paper trade sell pnl=15.2958 equity=10620.76
closed paper trade buy pnl=18.6738 equity=10639.44
closed paper trade buy pnl=16.3368 equity=10655.77
closed paper trade sell pnl=18.1139 equity=10673.89
closed paper trade sell pnl=15.8434 equity=10689.73
closed paper trade sell pnl=10.2963 equity=10700.03
closed paper trade sell pnl=14.5641 equity=10714.59
closed paper trade sell pnl=10.4198 equity=10725.01
closed paper trade buy pnl=16.7992 equity=10741.81
closed paper trade buy pnl=7.1912 equity=10749.00
closed paper trade sell pnl=17.5797 equity=10766.58
closed paper trade sell pnl=16.1316 equity=10782.71
closed paper trade buy pnl=10.6730 equity=10793.39
closed paper trade sell pnl=14.6016 equity=10807.99
closed paper trade sell pnl=18.6124 equity=10826.60
closed paper trade buy pnl=17.1419 equity=10843.74
closed paper trade buy pnl=14.2714 equity=10858.01
closed paper trade buy pnl=17.6197 equity=10875.63
closed paper trade sell pnl=17.9683 equity=10893.60
closed paper trade buy pnl=14.6418 equity=10908.24
closed paper trade sell pnl=18.2982 equity=10926.54
closed paper trade sell pnl=26.2241 equity=10952.77
closed paper trade buy pnl=14.4089 equity=10967.17
closed paper trade sell pnl=13.8797 equity=10981.05
